wkr_nummer,wkr_name,land,land_nr,wbr,waehlende,gueltige,cdu,spd,afd,fdp,linke,gruene,csu,cdu_perc,spd_perc,afd_perc,fdp_perc,linke_perc,gruene_perc,csu_perc,wbt,auslaender,bevdichte,wohnflaeche,abitur,einkommen,bip,sozbesch,sgbII,alq,alter18_24,alter_25_34,==...,ost,alter18_34
1,Flensburg – Schleswig,SH,1,231536,180112,178625,36421,45508,10317,19189,7475,33300,NA,20.38964310706788,25.476836948915327,5.775787263820853,10.74261721483555,4.184744576627012,18.642407277816655,NA,77.14783014304471,8.4,137.1,49.3,34.2,21358,31178,345,76.8,7,8.4,12,TRUE,west,20.4
2,Nordfriesland – Dithmarschen Nord,SH,1,188267,145387,144145,35511,37926,8798,18350,4437,22588,NA,24.635609976065766,26.311006278400225,6.103576260015956,12.73023691421832,3.0781504734815637,15.670331957404002,NA,76.56413497851456,7.1,84.6,55.7,26.8,24354,34160,355.5,59.1,6.5,7.7,11,TRUE,west,18.7
3,Steinburg – Dithmarschen Süd,SH,1,176899,136299,135109,32842,37468,11303,18492,4524,19237,NA,24.30778112486955,27.73168330755168,8.365837953060122,13.686727013004315,3.348407582026364,14.238133655048888,NA,76.37635034680807,6.5,110.5,49.2,32.4,22292,31977,313.4,70.6,6.4,7.2,10.5,TRUE,west,17.7
4,Rendsburg-Eckernförde,SH,1,202226,162060,160955,38517,43148,10564,19322,5163,28828,NA,23.930291075145227,26.807492777484388,6.563325152993073,12.004597558323756,3.2077288683172314,17.910596129352925,NA,79.5916449912474,5.5,116.4,49.5,35.8,23410,29036,291.6,52.8,4.8,7,9.9,TRUE,west,16.9
5,Kiel,SH,1,202482,155986,155068,23920,40338,7654,16110,9430,44089,NA,15.425490752444091,26.01310392859907,4.935899089431733,10.388990636365982,6.08120308509815,28.432042716743624,NA,76.58359755435052,11.4,1879.2,39.4,42.5,19718,46128,490.7,125.2,8.4,10.6,17.2,TRUE,west,27.799999999999997
6,Plön – Neumünster,SH,1,174908,133721,132527,30290,38670,9741,15901,4232,23051,NA,22.855719966497393,29.178959759143417,7.350200336535197,11.998309778384781,3.1933115516083515,17.39343680910305,NA,75.76954741921467,8.7,171.2,45.8,37,22081,29053,329.6,75.8,6.7,7.2,10.6,TRUE,west,17.8
7,Pinneberg,SH,1,238388,191512,190270,42057,55693,13080,25663,6363,34291,NA,22.103852420244916,29.270510327429445,6.874441583013612,13.487675408629842,3.3441950911862093,18.022284122562674,NA,79.81525915734014,11.1,475.9,44.9,38.3,24708,29803,295,67.4,5.9,7.1,10.8,TRUE,west,17.9
8,Segeberg – Stormarn-Mitte,SH,1,249202,199618,198265,44285,56658,14527,27675,6468,33361,NA,22.336267117242077,28.57690464781984,7.327062265150178,13.95859077497289,3.262300456459789,16.826469623988096,NA,79.55995537756519,8,240.5,46,37.7,23952,31902,340.2,50.4,5,6.8,10.5,TRUE,west,17.3
9,Ostholstein – Stormarn-Nord,SH,1,183138,143092,141966,35564,42520,10073,17986,4036,22314,NA,25.05106856571292,29.950833298113633,7.095360861051238,12.66923066086246,2.8429342236873616,15.717847935421156,NA,77.51859253677554,5.7,143.9,51.6,31.5,23411,27539,312.3,50.7,6.1,6.3,9.3,TRUE,west,15.600000000000001
10,Herzogtum Lauenburg – Stormarn-Süd,SH,1,246277,196903,195587,45364,56422,14682,27725,6325,32475,NA,23.193770547122252,28.847520540731235,7.506633876484633,14.175277497993221,3.233855010813602,16.603864265007388,NA,79.41748518944117,8.6,236.8,46,41.6,24571,27988,295.7,54.1,5.1,6.6,9.8,TRUE,west,16.4
11,Lübeck,SH,1,179394,131455,130237,23628,39704,8827,13626,5785,29229,NA,18.142309789076837,30.485960210999945,6.777643833933521,10.462464583797232,4.441902070840084,22.442930964318897,NA,72.59830317624892,10,580,40.6,38,20404,42134,445.3,107.9,8.5,8.1,13.3,TRUE,west,21.4
12,Schwerin – Ludwigslust-Parchim I – Nordwestmecklenburg I,MV,13,214853,156565,154163,26383,49271,24185,13242,16604,12419,NA,17.113704325940727,31.960327705091363,15.687940686156859,8.589609698825269,10.77041832346283,8.055759164001739,NA,71.75277980758938,6.7,73.9,44,36.3,19927,29893,385.2,78.7,8,5.5,10.9,TRUE,ost,16.4
13,Ludwigslust-Parchim II – Nordwestmecklenburg II – Landkreis Rostock I,MV,13,205042,146362,144104,24621,46846,24673,11638,14979,10147,NA,17.085577083217675,32.508466107811024,17.121662132904014,8.076111697107645,10.394576139454838,7.041442291678232,NA,70.28023526887173,4,63.3,45.5,33.4,20014,24594,308,57.6,6.8,4.9,9.5,TRUE,ost,14.4
14,Rostock – Landkreis Rostock II,MV,13,222705,165329,162977,23103,47280,20658,14852,21491,20941,NA,14.175619872742779,29.01022843714144,12.675408186431214,9.112942317014056,13.186523251747179,12.849052320266049,NA,73.18066500527604,5.5,278,39.9,44.1,19274,33708,413.7,76.3,7.9,7.6,13.9,TRUE,ost,21.5
15,Vorpommern-Rügen – Vorpommern-Greifswald I,MV,13,241066,168922,165779,30910,41583,31303,13776,18857,14654,NA,18.645304893864722,25.08339415728168,18.882367489247734,8.30985830533421,11.374782089408187,8.839479065502868,NA,68.76913376419735,4.7,84.7,44.6,30,19231,25124,332.1,74,11,6.2,11.3,TRUE,ost,17.5
16,Mecklenburgische Seenplatte I – Vorpommern-Greifswald II,MV,13,221421,154240,151038,28684,40339,35102,11438,15370,6616,NA,18.991247235794965,26.707848356042852,23.24050901097737,7.572928666957984,10.176247037169455,4.380354612746461,NA,68.21304212337583,3.8,53.8,46.3,34.5,18774,26109,352,82.9,9.9,4.8,9.1,TRUE,ost,13.899999999999999
17,Mecklenburgische Seenplatte II – Landkreis Rostock III,MV,13,209348,143622,140798,26402,42049,29421,10609,14434,7179,NA,18.751686813733148,29.864770806403502,20.895893407576814,7.53490816630918,10.251566073381724,5.098794016960468,NA,67.25547891549,3,40,45.4,34.8,19679,26866,342,72.8,8.5,4.5,9.1,TRUE,ost,13.6
18,Hamburg-Mitte,HH,2,242078,179637,178555,19982,51170,9100,18723,15593,49791,NA,11.190949567360198,28.65783652095993,5.096468875136512,10.485844697712189,8.732883425275126,27.885525468343086,NA,73.7592841976553,21.8,3043.7,39,53.9,25029,64771,540,103.2,8.1,7.9,16.3,TRUE,west,24.200000000000003
19,Hamburg-Altona,HH,2,187705,152720,152095,22478,38865,5036,16543,13667,46162,NA,14.778921069068673,25.55310825470923,3.311088464446563,10.8767546599165,8.98583122390611,30.350767612347546,NA,81.02874190884633,15.5,3438.8,39,53.9,25029,64771,540,103.2,8.1,7.9,16.3,TRUE,west,24.200000000000003
20,Hamburg-Eimsbüttel,HH,2,193823,160970,160365,23843,44911,5662,18190,10847,47983,NA,14.86795747201696,28.00548748168241,3.530695600660992,11.342874068531163,6.763944751036697,29.921117450815327,NA,82.73785876805127,13.2,5225.5,39,53.9,25029,64771,540,103.2,8.1,7.9,16.3,TRUE,west,24.200000000000003
21,Hamburg-Nord,HH,2,219909,185457,184691,34387,51575,6811,26247,8741,46531,NA,18.618665771477765,27.925020710267418,3.687781212944865,14.211304286619272,4.732769869674212,25.193972635374763,NA,83.98519387564856,10.9,2514.4,39,53.9,25029,64771,540,103.2,8.1,7.9,16.3,TRUE,west,24.200000000000003
22,Hamburg-Wandsbek,HH,2,233483,174014,172821,29103,59298,11290,19225,8852,32134,NA,16.83996736507716,34.3118023851268,6.532770901684402,11.124226801141065,5.122062712286122,18.59380515099438,NA,74.0186651704835,14.8,4149.9,39,53.9,25029,64771,540,103.2,8.1,7.9,16.3,TRUE,west,24.200000000000003
23,Hamburg-Bergedorf – Harburg,HH,2,221794,158246,157017,25427,52523,12638,15674,9878,27931,NA,16.19378793379061,33.450518096766594,8.04881000146481,9.98235859811358,6.291038549965927,17.788519714425828,NA,70.7940701732238,20.8,1087.1,39,53.9,25029,64771,540,103.2,8.1,7.9,16.3,TRUE,west,24.200000000000003
24,Aurich – Emden,NS,3,191846,137847,136194,24066,59038,11173,12113,4671,17668,NA,17.67038195515221,43.34845881610056,8.203738784381104,8.893930716477966,3.4296665051323845,12.97267133647591,NA,70.99131595133596,6.5,171.2,52,30.9,20327,36445,387.2,81.1,8,8,11.3,TRUE,west,19.3
25,Unterems,NS,3,238506,175826,174276,52067,59229,14248,17671,4650,18576,NA,29.876173426059815,33.98574674653997,8.17553765291836,10.139663522229107,2.66818150519865,10.65895476141293,NA,73.06985987773893,11.3,123.7,51.9,25.4,20559,33099,354.5,46.6,5,8.1,12.3,TRUE,west,20.4
26,Friesland – Wilhelmshaven – Wittmund,NS,3,189047,134164,132930,28535,50448,10951,13874,4122,17020,NA,21.46618521026104,37.95080117354998,8.238170465658618,10.43707214323328,3.1008801624915368,12.803731287143611,NA,70.315847381868,6.1,168.7,52.7,29.5,20268,31666,331.9,81.3,8,7.7,11.2,TRUE,west,18.9
27,Oldenburg – Ammerland,NS,3,228705,173725,172550,32100,55231,8903,17674,8344,40919,NA,18.603303390321646,32.008693132425385,5.159663865546219,10.242828165749058,4.835699797160244,23.714285714285715,NA,75.44653593056557,8.6,352.6,50.5,41.6,21093,39934,443.8,77.8,6.2,8.8,13.9,TRUE,west,22.700000000000003
28,Delmenhorst – Wesermarsch – Oldenburg-Land,NS,3,226827,163753,162158,36649,55621,12987,18571,5046,23973,NA,22.60079675378335,34.30049704609085,8.008855560626056,11.452410611872372,3.111779869016638,14.78372944905586,NA,71.48972564994467,10.3,152.2,49.5,24.4,21890,26384,297.3,76.8,6.5,7.6,11,TRUE,west,18.6
29,Cuxhaven – Stade II,NS,3,188602,140739,139716,36586,48858,11000,14052,3672,17553,NA,26.18597726817258,34.969509576569614,7.873114031320679,10.057545306192562,2.6281886111826847,12.563342781070173,NA,74.07980827350717,6,91.2,53.8,24.7,22260,24115,257.9,61,6.4,6.7,10,TRUE,west,16.7
30,Stade I – Rotenburg II,NS,3,198576,151821,150886,39969,48301,11002,16720,4301,22091,NA,26.48953514573917,32.01158490516019,7.291597629998807,11.081213631483372,2.850496401256578,14.64085468499397,NA,75.98400612360004,8.8,129.9,50.5,30.3,22911,30859,326.2,59.9,5.7,7.8,11.7,TRUE,west,19.5
31,Mittelems,NS,3,233253,180543,179439,60733,55461,9235,21101,3969,22515,NA,33.84604238766377,30.9079965893702,5.14659577906698,11.75942799502895,2.2118937354755652,12.547439519836825,NA,76.92891409756788,11.3,133.2,52,27.1,21058,37266,409.1,41.7,3.2,7.9,12,TRUE,west,19.9
32,Cloppenburg – Vechta,NS,3,223948,164507,163352,62837,40212,12772,19747,3549,18093,NA,38.467236397472945,24.61677849062148,7.818698271217983,12.088618443606446,2.1726088447034626,11.076081100935403,NA,72.94193294872024,11.9,140.3,50.6,23.3,21634,39140,452.1,48.7,4.6,9.3,13.3,TRUE,west,22.6
33,Diepholz – Nienburg I,NS,3,194371,146954,145972,36915,48196,10372,17628,3920,21139,NA,25.289096539062285,33.017290987312634,7.10547228235552,12.076288603293781,2.6854465239909024,14.48154440577645,NA,75.09968050789469,8.1,99.5,52.4,29.2,23149,30299,333.3,55.7,5,7.2,10.8,TRUE,west,18
34,Osterholz – Verden,NS,3,197490,151308,150219,36183,49430,11329,15653,5253,24183,NA,24.086833223493702,32.90529160758626,7.541655849126941,10.42011995819437,3.496894533980389,16.09849619555449,NA,76.06410451162084,6.7,174.1,51.6,35.8,23482,26156,303.4,46,3.9,7,10.2,TRUE,west,17.2
35,Rotenburg I – Heidekreis,NS,3,168927,125100,124204,31119,43196,9945,12526,3536,16857,NA,25.05474863933529,34.77826801069209,8.006988502785738,10.085021416379504,2.84692924543493,13.572026665807865,NA,73.52525055201359,8.1,78.9,51.2,30,21800,33195,346.4,54.4,5.7,7.8,11.4,TRUE,west,19.2
36,Harburg,NS,3,201740,161635,160742,39850,46765,11671,20426,4682,26777,NA,24.791280436973533,29.09320526060395,7.2607034875763645,12.707319804407064,2.912742158241157,16.65837180077391,NA,79.67780311291762,7.8,203.8,51,39.8,25687,24359,265.7,43.4,4.8,7,10,TRUE,west,17
37,Lüchow-Dannenberg – Lüneburg,NS,3,182673,139183,138106,29032,41262,9145,13241,6328,30585,NA,21.021534183887738,29.877050960856156,6.621725341404429,9.587563176111102,4.581987748540976,22.14603275744718,NA,75.60285318574721,6.6,91,49.5,36.8,21227,27708,317.9,66.4,6.8,8,11.3,TRUE,west,19.3
38,Osnabrück-Land,NS,3,199960,151837,150458,42864,48352,10069,16653,3870,22160,NA,28.48901354530832,32.13654308843664,6.692233048425473,11.068205080487578,2.5721463797205866,14.728362732456898,NA,75.24404880976195,9.2,138.3,49,24,23030,30622,366.5,33.4,3.7,7.9,11.4,TRUE,west,19.3
39,Stadt Osnabrück,NS,3,195467,149541,148510,34462,44919,6903,14627,6224,34546,NA,23.205171368931385,30.24644805063632,4.648171840280116,9.849168406167935,4.190963571476669,23.26173321661841,NA,75.97701913878045,10.8,794.2,46.2,38.2,22006,42899,509.1,72.7,6.2,10.3,14.8,TRUE,west,25.1
40,Nienburg II – Schaumburg,NS,3,193863,142895,141792,33968,49553,12434,14213,3842,19968,NA,23.956217558113295,34.947669826224335,8.769183028661702,10.02383773414579,2.7096027984653577,14.082599864590387,NA,73.14031042540351,8.7,157.5,52,36.6,21717,27626,308.5,66.8,5.9,7.4,10.4,TRUE,west,17.8
41,Stadt Hannover I,NS,3,176770,128894,127586,23410,39511,7677,13282,5768,30360,NA,18.34840813255373,30.96813129967238,6.017117865596538,10.410233097675293,4.520872196008967,23.795714263320427,NA,72.17627425468123,18.2,2303.8,41.8,40.9,21859,45583,448.2,101.3,8.2,9.1,17,TRUE,west,26.1
42,Stadt Hannover II,NS,3,190336,143712,142450,22537,40116,6753,13288,8831,41976,NA,15.82098982098982,28.161460161460163,4.740610740610741,9.328185328185329,6.199368199368199,29.46718146718147,NA,74.84133322125084,17.9,3028.6,41.8,40.9,21859,45583,448.2,101.3,8.2,9.1,17,TRUE,west,26.1
43,Hannover-Land I,NS,3,231250,174581,172702,44529,55464,13295,19550,4504,26219,NA,25.783719933758732,32.11543583745411,7.698231635997267,11.320077358687218,2.6079605331727485,15.181642366619958,NA,74.68194594594596,10.7,269.8,49,40.9,21859,45583,448.2,101.3,8.2,7.2,10.4,TRUE,west,17.6
44,Celle – Uelzen,NS,3,214482,158022,156830,40993,48332,14423,17990,4680,21882,NA,26.138493910603838,30.818083274883634,9.196582286552319,11.471019575336351,2.9841229356628194,13.952687623541415,NA,73.12035508807267,7.2,90.1,52.5,27.6,21170,29275,325.6,70.3,6.4,7.1,10.8,TRUE,west,17.9
45,Gifhorn – Peine,NS,3,219966,166592,164830,37839,58846,16048,16238,4147,21960,NA,22.95637929988473,35.70102529879269,9.736091730874234,9.85136200934296,2.5159254989989686,13.322817448280047,NA,74.93430802942272,7.3,156.5,51.9,36.8,23087,21403,244.4,58.7,5.1,7.2,10.9,TRUE,west,18.1
46,Hameln-Pyrmont – Holzminden,NS,3,184471,132893,131609,29809,48438,11590,13624,3734,17274,NA,22.649666816099202,36.804473858170795,8.806388620839002,10.35187563160574,2.837191985350546,13.125242194682734,NA,71.34400529080452,9.3,131,53.2,29.2,21942,32976,341,79.3,7,7,10.3,TRUE,west,17.3
47,Hannover-Land II,NS,3,238323,181202,179092,40612,62024,13850,18320,4994,29201,NA,22.676613137381903,34.63247939606459,7.73345543072834,10.229379313425502,2.788510932928327,16.305027583588323,NA,75.14675461453574,10.4,327.8,48.4,40.9,21859,45583,448.2,101.3,8.2,7,10.3,TRUE,west,17.3
48,Hildesheim,NS,3,215131,161685,159778,36504,55439,12161,15397,5308,26565,NA,22.846699795966906,34.69751780595576,7.611185519908874,9.636495637697305,3.322109426829726,16.626193843958493,NA,74.27009589505928,8.4,228.3,49.7,35.7,21685,28772,336.3,73.9,6.8,8.2,11.4,TRUE,west,19.6
49,Salzgitter – Wolfenbüttel,NS,3,200922,147218,145722,33453,53411,14415,13463,4478,18105,NA,22.956725820397743,36.652667407803904,9.892123358175157,9.238824611246072,3.072974568013066,12.424342240704904,NA,72.5266521336638,11,215,49.8,30,21407,35983,329.6,91.1,7.5,7.6,10.8,TRUE,west,18.4
50,Braunschweig,NS,3,187721,140807,139294,25929,42377,8238,14046,6355,33401,NA,18.61458497853461,30.422703059715424,5.9141097247548355,10.083707840969462,4.562292704639108,23.978778698292817,NA,74.202673115954,10.9,1294.3,44.6,51.2,22612,78057,526.8,73.4,5.7,8.8,16.4,TRUE,west,25.2
51,Helmstedt – Wolfsburg,NS,3,180147,130671,129204,31827,45414,12241,13073,3496,15481,NA,24.63313829293211,35.149066592365564,9.474164886536022,10.11810779852017,2.7057985820872417,11.981827188012755,NA,71.72142750087428,11.3,207.8,49.7,40.8,24150,103205,622.5,67.1,5.9,6.7,12.6,TRUE,west,19.3
52,Goslar – Northeim – Osterode,NS,3,197519,143611,142315,33614,53876,11819,14239,4251,17118,NA,23.61943575870428,37.85686680954221,8.30481677967888,10.005269999648666,2.98703580086428,12.028247198116853,NA,72.05129633098588,8.3,117.8,52.6,34.5,21735,30368,345.2,69.1,6.6,7.3,10.4,TRUE,west,17.7
53,Göttingen,NS,3,214542,161876,160305,34588,51180,9785,15638,8132,32448,NA,21.576370044602477,31.926639842799666,6.103989270453199,9.75515423723527,5.072829917968872,20.24141480303172,NA,74.71963531616187,9.1,225.1,47.7,40.5,21130,35738,399.4,62,6.3,9.7,13.8,TRUE,west,23.5
54,Bremen I,BE,4,245384,186308,185237,32375,53425,9835,18396,15739,44414,NA,17.477609764787815,28.84143016783904,5.309414425843649,9.931061289051325,8.49668262820063,23.976851277012692,NA,75.48862191503929,16.9,2312,41.4,36.1,21481,50675,494.4,144.5,11.2,8.7,14.7,FALSE,west,23.4
55,Bremen II – Bremerhaven,BE,4,214365,144123,142803,24124,49799,12740,12085,9613,24013,NA,16.893202523756504,34.87251668382317,8.921381203476116,8.462707366091749,6.731651295841123,16.815473064291368,NA,66.61675180183332,20.3,1223.8,42,36,21481,45356,481.2,155.6,12.1,8.6,14,FALSE,west,22.6
56,Prignitz – Ostprignitz-Ruppin – Havelland I,BB,12,172726,122512,121008,19414,41163,23221,9070,9754,7677,NA,16.04356736744678,34.01675922253074,19.189640354356737,7.495372206796246,8.060624090969192,6.344208647362158,NA,70.05777937311117,4.3,36.8,46.7,35.7,19353,25671,344.2,69.8,7.3,4.9,9.5,TRUE,ost,14.4
57,Uckermark – Barnim I,BB,12,182836,130965,129246,19818,40543,25748,10422,11617,9095,NA,15.333549974467294,31.368862479303033,19.921699704439597,8.063692493384709,8.988285904399362,7.0369682620738745,NA,70.6895797326566,4.5,51.9,45.5,33.4,19531,26121,302.7,84,8.8,4.9,9.1,TRUE,ost,14
58,Oberhavel – Havelland II,BB,12,249331,195208,193088,33377,55193,30793,19802,12665,20663,NA,17.28590072920119,28.58437603579715,15.947650812064964,10.255427577063308,6.559185449121643,10.701338249917136,NA,77.44243595862528,4,138.3,43.8,43.2,21079,24971,272.1,49.9,5.8,5.6,9,TRUE,ost,14.6
59,Märkisch-Oderland – Barnim II,BB,12,230391,177065,174498,26254,48712,31820,14939,18004,13954,NA,15.04544464693005,27.91550619491341,18.235166019094777,8.561129640454332,10.317596763286685,7.996653256770851,NA,75.739937757985345,3.7,113.4,44.6,33.3,20712,21628,263.5,56.2,6.3,4.5,9,TRUE,ost,13.5
60,Brandenburg an der Havel – Potsdam-Mittelmark I – Havelland III – Teltow-Fläming I,BB,12,202955,147618,145579,22274,48423,23845,11934,12019,12211,NA,15.300283694763667,33.26235239972799,16.379422856318563,8.197610919157295,8.255998461316535,8.387885615370347,NA,71.72969377448203,4.7,76.1,44.5,45.1,21151,27307,326.5,58.1,5.8,4.8,10,TRUE,ost,14.8
61,Potsdam – Potsdam-Mittelmark II – Teltow-Fläming II,BB,12,232797,190547,188885,26287,50965,18658,20210,19110,35865,NA,13.916933583926728,26.982026100537364,9.877968075813326,10.699632051248113,10.117267120205415,18.987743865314872,NA,81.13721396753395,7.6,544.2,41.1,53,21720,36404,411.7,57.8,5.7,6.7,12.5,TRUE,ost,19.2
62,Dahme-Spreewald – Teltow-Fläming III – Oberspreewald-Lausitz I,BB,12,252744,194461,191730,31299,54650,34411,18893,14955,16156,NA,16.324518854639336,28.503624889167057,17.947634694622646,9.853961299744432,7.800031294007198,8.426433004746258,NA,75.85936758142626,5.2,77.3,44.5,38.6,20780,34034,364,47.9,5.1,5.3,9.9,TRUE,ost,15.2
63,Frankfurt (Oder) – Oder-Spree,BB,12,191387,142414,140590,19890,41414,28338,12439,13436,9992,NA,14.147521160822249,29.45728714702326,20.156483391421865,8.847713208620812,9.556867487018991,7.107191123123978,NA,73.45848986608286,5.9,98.4,44,37.7,20091,28788,356,74,7.3,5.3,9.3,TRUE,ost,14.600000000000001
64,Cottbus – Spree-Neiße,BB,12,171267,128323,126555,17502,36098,30729,13603,9670,6939,NA,13.829560270238236,28.523566828651575,24.281142586227332,10.748686341906682,7.640946623997472,5.4829915846865,NA,73.89339452433919,5.9,117.1,44.5,42.7,19853,33790,387.6,83.5,7.7,5.2,10.1,TRUE,ost,15.3
65,Elbe-Elster – Oberspreewald-Lausitz II,BB,12,162410,120351,118464,17776,33412,29849,11114,8532,4920,NA,15.005402485143165,28.204349000540248,25.196684224743382,9.381753106428956,7.202188006482982,4.153160453808752,NA,72.94132134720769,3,65.4,46.7,29.9,19412,26138,343,69.7,7.7,4.2,8.7,TRUE,ost,12.899999999999999
66,Altmark,SA,15,159998,108881,107744,22567,29537,20629,9396,10381,5834,NA,20.94501782001782,27.41405553905554,19.14630977130977,8.720671220671221,9.63487525987526,5.4146866646866645,NA,67.34084176052201,3.6,41.2,50,27.6,19433,24945,316.3,85.9,8.7,5,9.6,TRUE,ost,14.6
67,Börde – Jerichower Land,SA,15,215532,148520,146963,32720,39043,29604,13589,12426,7267,NA,22.264107292311667,26.566550764478137,20.143845729877587,9.246545048753768,8.45518940141396,4.944782019964208,NA,68.18616261158435,3.4,66.1,48.6,27,20634,27269,341.5,57.8,6.5,4.6,9.5,TRUE,ost,14.1
68,Harz,SA,15,207942,138572,137050,30508,37330,24790,12532,12700,7495,NA,22.260488872674205,27.238234221087193,18.088288945640276,9.14410798978475,9.266690988690259,5.468807004742795,NA,65.9078012138,3.4,106.1,48,30,19792,24142,334.8,70.1,7.1,5.1,9.3,TRUE,ost,14.4
69,Magdeburg,SA,15,229198,156789,155384,28700,41022,23446,14673,16449,16352,NA,18.47037017968388,26.400401585748856,15.089069659681819,9.443057200226535,10.586032023889205,10.523606034083304,NA,67.79465789404794,8.6,496.5,42.6,34.6,18940,32705,430.9,106.9,9.2,7.6,13.5,TRUE,ost,21.1
70,Dessau – Wittenberg,SA,15,169749,115204,113969,26740,29843,21630,10402,9635,6531,NA,23.462520509963237,26.18519070975441,18.978845124551412,9.127043318797217,8.454053295194306,5.730505663820864,NA,67.13971805430371,4.4,94.3,47.6,30.1,20089,26920,371.8,78.7,8.1,4.5,9.1,TRUE,ost,13.6
71,Anhalt,SA,15,214563,139289,137446,29823,33055,31003,12705,14249,5470,NA,21.697975932366166,24.04944487289554,22.556494914366372,9.243630225688634,10.366980486882122,3.9797447724924697,NA,64.05857487078387,3.5,114.2,47.3,25.7,19396,27222,343.1,85.3,8.4,4.9,9.2,TRUE,ost,14.1
72,Halle,SA,15,209765,148576,147224,26282,34686,21914,15150,17180,19915,NA,17.85170896049557,23.56001738846927,14.884801391077543,10.290441775797424,11.669293050046187,13.52700646633701,NA,70.18520725573858,8.8,657.2,41.1,34.6,18170,31474,406.4,121.4,9.5,8.7,13.5,TRUE,ost,22.2
73,Burgenland – Saalekreis,SA,15,184352,125866,124579,26535,28460,31000,12785,10630,5002,NA,21.29973751595373,22.84494176386068,24.88380866759245,10.26256431661837,8.532738262467992,4.015122934041853,NA,67.57670109356015,5,131.8,45.9,30.7,19845,27229,334.7,78.5,7.4,4.6,9.5,TRUE,ost,14.1
74,Mansfeld,SA,15,198676,133064,131581,28411,32109,31476,12792,11680,4835,NA,21.592023164438633,24.40245932163458,23.92138682636551,9.72176834041389,8.876661524080225,3.674542677134237,NA,66.22893555336327,3.7,103.4,46.9,23.7,19744,26956,335.3,84.2,9.1,4.6,8.8,TRUE,ost,13.4
75,Berlin-Mitte,BE,11,207483,152506,150419,16856,32133,7734,13186,20820,46120,NA,11.206031152979344,21.362327897406576,5.141637692046882,8.766179804413007,13.841336533283693,30.6610202168609,NA,72.4970238525566,32.3,9579.8,38.6,44.4,20972,40105,419.5,137.1,10.6,7.2,16.7,TRUE,west,23.9
76,Berlin-Pankow,BE,11,235647,184636,182384,21285,40174,15962,14650,25176,48131,NA,11.670431616808493,22.02715150451794,8.751864198613914,8.032502851127292,13.803842442319503,26.38992455478551,NA,77.39712366378524,12.5,3409.9,38.6,44.4,20972,40105,419.5,137.1,10.6,7.2,16.7,TRUE,west,23.9
77,Berlin-Reinickendorf,BE,11,176585,128577,125899,30272,31447,12296,13457,5843,19581,NA,24.04467072812334,24.977958522307564,9.766558908331282,10.688726677733738,4.641021771419948,15.552943232273488,NA,71.29654274145597,17.6,2913.5,38.6,44.4,20972,40105,419.5,137.1,10.6,7.2,16.7,TRUE,west,23.9
78,Berlin-Spandau – Charlottenburg Nord,BE,11,180251,126551,123529,26266,34233,12783,12491,6353,17963,NA,21.263023257696574,27.712520946498394,10.348177351067362,10.111795610747274,5.142921904977778,14.541524662225063,NA,68.53165863157486,20.1,2734.2,38.6,44.4,20972,40105,419.5,137.1,10.6,7.2,16.7,TRUE,west,23.9
79,Berlin-Steglitz-Zehlendorf,BE,11,217814,177241,174869,39943,42910,9915,22208,8311,39550,NA,22.841670050151826,24.538368721728837,5.669958654764424,12.699792416037148,4.752700593015343,22.616930387890363,NA,80.28363649719485,14,2865.8,38.6,44.4,20972,40105,419.5,137.1,10.6,7.2,16.7,TRUE,west,23.9
80,Berlin-Charlottenburg-Wilmersdorf,BE,11,196800,155726,153783,29199,36986,7371,20183,9947,40471,NA,18.98714422270342,24.050772842251746,4.793117574764441,13.124337540560399,6.468205198233876,26.316953109251344,NA,78.14176829268293,24,5011.3,38.6,44.4,20972,40105,419.5,137.1,10.6,7.2,16.7,TRUE,west,23.9
81,Berlin-Tempelhof-Schöneberg,BE,11,231500,178035,175137,31883,43381,10907,16679,13160,44209,NA,18.204605537379308,24.769751680113284,6.22769603224904,9.523401679827792,7.514117519427647,25.242524423736846,NA,75.65313174946004,19.2,6476.2,38.6,44.4,20972,40105,419.5,137.1,10.6,7.2,16.7,TRUE,west,23.9
82,Berlin-Neukölln,BE,11,197037,139712,137011,22695,33080,10174,9774,16334,31058,NA,16.564363445270818,24.144046828356846,7.42568114968871,7.133733787798061,11.921670522804737,22.668252913999606,NA,69.53567096535168,24.2,7146.3,38.6,44.4,20972,40105,419.5,137.1,10.6,7.2,16.7,TRUE,west,23.9
83,Berlin-Friedrichshain-Kreuzberg – Prenzlauer Berg Ost,BE,11,220014,172469,170641,11910,32745,6988,10819,30881,62710,NA,6.979565286185618,19.18940934476474,4.095147121735105,6.340211320843174,18.097057565297906,36.74966743045341,NA,77.55915532647923,24.4,13153.3,38.6,44.4,20972,40105,419.5,137.1,10.6,7.2,16.7,TRUE,west,23.9
84,Berlin-Treptow-Köpenick,BE,11,207127,158748,155930,20559,36564,19128,12641,24884,25141,NA,13.184762393381646,23.448983518245367,12.26704290386712,8.106842814083242,15.958442891040853,16.123260437375745,NA,75.28231471512646,9.5,1616.1,38.6,44.4,20972,40105,419.5,137.1,10.6,7.2,16.7,TRUE,west,23.9
85,Berlin-Marzahn-Hellersdorf,BE,11,197988,137133,134116,21954,31463,22596,9804,21280,11487,NA,16.36941155417698,23.45954248560947,16.848101643353512,7.310089773032301,15.866861522860805,8.5649736049390075,NA,67.73945895710851,10.7,4371.3,38.6,44.4,20972,40105,419.5,137.1,10.6,7.2,16.7,TRUE,west,23.9
86,Berlin-Lichtenberg,BE,11,200673,145569,142863,16869,33173,17840,10045,26063,22112,NA,11.807815879548938,23.22014797393307,12.487488012991466,7.031211720319466,18.243352022567073,15.477765411618124,NA,71.1919391248449,16.5,5566.2,38.6,44.4,20972,40105,419.5,137.1,10.6,7.2,16.7,TRUE,west,23.9
87,Aachen I,NW,5,176306,140020,139293,31772,30588,5427,15032,7453,40421,NA,22.809473555742212,21.95946673558614,3.896103896103896,10.791640642386911,5.350591917756097,29.018687227642452,NA,79.0063866232573,18.9,1547.8,40.8,44,20504,37631,391,91.6,8.2,15.1,18.8,TRUE,west,33.9
88,Aachen II,NW,5,226420,170670,169087,49838,53408,12409,17892,5259,19918,NA,29.474767427419017,31.58610656052801,7.338825574999852,10.581534949463887,3.110233193563077,11.779734692791285,NA,74.67847363307129,12.2,564.2,44.7,44,20504,37631,391,91.6,8.2,7.5,11.3,TRUE,west,18.8
89,Heinsberg,NW,5,192346,145368,143971,46466,38822,11359,16023,4529,16858,NA,32.27455529238527,26.965152704364076,7.889783359148718,11.12932465565982,3.1457724124997393,11.709302567878254,NA,74.8500098780323,11.9,407,49.4,36.7,20631,25720,289.9,61.7,6,7.4,11.5,TRUE,west,18.9
90,Düren,NW,5,199656,153645,152129,46217,44058,13171,17104,4570,16951,NA,30.380137909274367,28.960947616825194,8.657783854491912,11.243089746202237,3.0040294749850456,11.142517205792453,NA,76.19555635693392,11.2,281.1,47.3,40,21194,29629,324.1,82.9,7.3,7.8,12,TRUE,west,19.8
91,Rhein-Erft-Kreis I,NW,5,249035,194862,193401,55068,54714,13417,24227,5682,27566,NA,28.473482556967127,28.290443172475836,6.937399496383162,12.526822508673687,2.9379372392076566,14.253287211544924,NA,77.66016824944285,12.9,647.5,45.2,39.8,22675,34641,309.3,72.4,7.4,7.4,11.4,TRUE,west,18.8
92,Euskirchen – Rhein-Erft-Kreis II,NW,5,249198,192814,191274,58081,50949,14894,23314,5730,26161,NA,30.365339774355114,26.63665736064494,7.786735259366146,12.188797222832168,2.9957025000784214,13.677237889101498,NA,76.75583271133797,9.7,227,48.3,40.1,22190,30595,302.7,62.6,6.7,7.2,11,TRUE,west,18.2
93,Köln I,NW,5,190630,140901,140080,27695,36933,8363,15040,8267,33501,NA,19.770845231296402,26.365648201027987,5.970159908623644,10.736721873215306,5.901627641347802,23.91561964591662,NA,73.4826627498295,22.8,2318.6,38.6,43.1,22402,59588,532.8,112.6,9.8,8.5,17.1,TRUE,west,25.6
94,Köln II,NW,5,242483,204955,204333,41834,43193,5891,26470,10399,65240,NA,20.473442860428808,21.138533668081024,2.8830389609118448,12.954344134329746,5.089241581144504,31.928273944981967,NA,84.26693830082934,14.6,3258.2,38.6,43.1,22402,59588,532.8,112.6,9.8,8.5,17.1,TRUE,west,25.6
95,Köln III,NW,5,204539,155242,154402,27485,39901,7876,13845,9903,44407,NA,17.80093522104636,25.842281835727515,5.100970194686597,8.966852760974598,6.413777023613684,28.760637815572338,NA,75.487804281824,19.9,2519.6,38.6,43.1,22402,59588,532.8,112.6,9.8,8.5,17.1,TRUE,west,25.6
96,Bonn,NW,5,230215,185557,184444,41551,41641,7750,21902,10026,50174,NA,22.52770488603587,22.576500184337796,4.201817353776756,11.87460692676368,5.435796230834291,27.20283663334129,NA,80.11815042460309,17.2,2337.1,42.2,51,23471,80289,545.7,95.9,8.1,10,15.7,TRUE,west,25.7
97,Rhein-Sieg-Kreis I,NW,5,238627,188217,186824,51474,49529,13604,23122,6353,29305,NA,27.552134629383808,26.51104783111378,7.281719693401276,12.376354215732455,3.4005266989251917,15.685886181646897,NA,78.29122437947089,10.5,476.6,47,43.7,24038,28026,273.1,60,5.9,7.5,11.3,TRUE,west,18.8
98,Rhein-Sieg-Kreis II,NW,5,216063,176637,175421,51795,41753,10551,23435,5687,31027,NA,29.526111468980336,23.80159730020921,6.014673271729155,13.359289936780657,3.2419151640909583,17.687164022551464,NA,81.18974558346407,10.2,580.4,48.8,43.7,24038,28026,273.1,60,5.9,7.4,10.6,TRUE,west,18
99,Oberbergischer Kreis,NW,5,206640,160146,158674,44018,42413,15211,19796,5153,19959,NA,27.74115482057552,26.72964694909059,9.586321640596443,12.475893971287041,3.2475389792908733,12.578620315867752,NA,76.78765001935733,9.8,296.1,47.4,37.4,23194,36181,383.3,53.3,6.1,7.7,11.2,TRUE,west,18.9
100,Rheinisch-Bergischer Kreis,NW,5,217193,176933,175896,48224,44429,10051,24373,5222,32285,NA,27.416200482103058,25.25867558102515,5.714172010733615,13.856483376540682,2.968799745304043,18.35459589757584,NA,80.98603546154803,9.5,647.7,49,45.2,26493,27168,265.4,62.3,6.5,6.8,10,TRUE,west,16.8
101,Leverkusen – Köln IV,NW,5,209102,154163,153000,33246,44586,10966,15931,7318,29329,NA,21.729411764705883,29.14117647058824,7.167320261437908,10.412418300653595,4.783006535947712,19.169281045751635,NA,73.17003185048445,19.2,2391.6,40,42.9,22064,55339,459.4,109,9.2,7.8,14.5,TRUE,west,22.3
102,Wuppertal I,NW,5,202528,146699,145399,30527,42421,12090,15970,8055,25388,NA,20.99533009167876,29.175578924201677,8.31505030983707,10.98356935054574,5.539928060027923,17.460917888018486,NA,71.79204850687312,21.7,2392.9,42.2,39.5,21480,36429,355.8,142.2,10.3,8.3,13.5,TRUE,west,21.8
103,Solingen – Remscheid – Wuppertal II,NW,5,220204,163495,162218,39413,48196,12506,20256,6076,24296,NA,24.296317301409214,29.710636304232573,7.709378737254806,12.486900343981555,3.7455769396737724,14.977376123488146,NA,73.66714501098981,16.4,1550.7,42.7,40.4,22701,33974,363.7,102.1,8.4,7.5,12.2,TRUE,west,19.7
104,Mettmann I,NW,5,203030,159457,158308,43354,42385,10658,21083,4956,25430,NA,27.3858554210779,26.77375748540819,6.732445612350607,13.31770978093337,3.1306061601435173,16.063622811228743,NA,77.97271339210954,11.7,1463.2,44.9,40.8,25684,40547,399.7,79.5,7.2,6.6,10.5,TRUE,west,17.1
105,Mettmann II,NW,5,160175,123769,122892,33254,34409,9104,16235,3887,18112,NA,27.059531946749992,27.999381570810144,7.408130716401392,13.210786707027308,3.1629398170751557,14.738144061452333,NA,76.72358358045888,13.6,969.7,44.8,40.8,25684,40547,399.7,79.5,7.2,6.9,10.4,TRUE,west,17.3
106,Düsseldorf I,NW,5,220827,175110,174303,44892,38195,7495,27743,6741,39452,NA,25.755150513760523,21.91299059683425,4.29998336230587,15.916536146824784,3.867403314917127,22.63414858034572,NA,78.93192408537,20.5,2559.6,41.2,42.9,26087,81563,690.7,94.3,8.4,7.1,16.4,TRUE,west,23.5
107,Düsseldorf II,NW,5,190102,142287,141432,31639,35671,8503,17335,6931,31524,NA,22.370467786639516,25.221307766276375,6.01207647491374,12.256773573165903,4.900588268567227,22.289156626506024,NA,74.39795478216958,20.9,3304.5,41.2,42.9,26087,81563,690.7,94.3,8.4,7.1,16.4,TRUE,west,23.5
108,Neuss I,NW,5,213250,162167,160966,48166,43760,11298,20333,4771,21951,NA,29.923089348061083,27.185865338021692,7.018873550936222,12.631860144378315,2.963979970925537,13.637041362772262,NA,75.4822977725674,13.5,849.7,43.4,48.3,25324,39371,332.5,68.8,6.2,7.2,11.5,TRUE,west,18.7
109,Mönchengladbach,NW,5,185185,129646,128405,36555,34877,9641,15459,4927,18166,NA,28.468517581091078,27.16171488649196,7.508274599898758,12.039250807990342,3.837077995405163,14.147424165725633,NA,69.33876933876934,16.6,1531.3,43.8,40.5,20841,33785,386.4,140,10.9,7.8,13.3,TRUE,west,21.1
110,Krefeld I – Neuss II,NW,5,200048,155726,154594,45635,39407,9342,22069,4680,24014,NA,29.519256892246787,25.49063999896503,6.042925339922636,14.275457003505956,3.027284370674153,15.533591213113057,NA,77.27845317123891,12.7,900.6,46.6,44.8,23742,39889,368.8,92.1,8.5,6.7,10.8,TRUE,west,17.5
111,Viersen,NW,5,227166,175085,173752,52896,46375,10357,22281,5203,25673,NA,30.443390579676784,26.6903402550762,5.960794695888392,12.823449514250196,2.9944979050600855,14.775657258621482,NA,76.48679820043492,10.2,530.6,46.4,44.6,23204,28457,315.3,59.5,6.3,7,10.8,TRUE,west,17.8
112,Kleve,NW,5,225463,171093,169767,54793,47837,9632,19542,4728,23587,NA,32.27541277162228,28.178032244193513,5.6736586026730755,11.511071056212337,2.7849935499832124,13.893748490578265,NA,75.29705539268083,15.3,253.4,47.7,31.9,20716,30752,332.5,52.5,5.8,7.9,12.2,TRUE,west,20.1
113,Wesel I,NW,5,206270,160625,159497,42544,53277,10994,17302,5103,20629,NA,26.673855934594382,33.40313610914312,6.892919616042935,10.847852937672808,3.199433218179652,12.93378558844367,NA,77.32438066611722,7.9,295.8,45.8,41.1,22230,28520,302.9,72.9,6.9,6.8,10.9,TRUE,west,17.7
114,Krefeld II – Wesel II,NW,5,175852,131664,130616,32316,41476,9189,14899,4703,19539,NA,24.741226189747046,31.754149568199914,7.035125865131378,11.40671893183071,3.6006308568628653,14.959116800391989,NA,74.2760958078384,14.3,1380.1,43.3,40.6,21935,34084,356.2,96.3,9.1,7,11.9,TRUE,west,18.9
115,Duisburg I,NW,5,163394,118600,117594,23166,41308,9802,10593,5580,17912,NA,19.699984693096585,35.127642566797626,8.335459292140754,9.008112658809123,4.745140058166233,15.232069663418201,NA,71.96959496676745,19.4,2062.4,38.1,36.5,17126,36475,350.2,150,12.8,8.2,13.7,TRUE,west,21.9
116,Duisburg II,NW,5,155265,98339,97166,18168,35842,11834,7913,4508,10287,NA,18.697898441841794,36.88738859271762,12.179157318403556,8.143795154683737,4.639482946709754,10.58703661774695,NA,62.580749041960516,23.3,2225.6,38.1,36.5,17126,36475,350.2,150,12.8,8.2,13.7,TRUE,west,21.9
117,Oberhausen – Wesel III,NW,5,199156,145232,144016,30770,53034,13099,13573,5613,17945,NA,21.36568159093434,36.82507499166759,9.095517164759471,9.4246472614154,3.8974836129318966,12.460421064326185,NA,72.313161541706,14.1,2229.6,41.3,41.6,19569,27512,312.7,119.7,10,7.1,12.5,TRUE,west,19.6
118,Mülheim – Essen I,NW,5,182895,139658,138589,32698,46084,11135,15188,4494,20232,NA,23.593503091875977,33.252278319347134,8.034548196465808,10.959022721861041,3.2426815981066315,14.598561213371914,NA,75.77517154651576,14.5,2186.4,43.1,44.3,22330,37802,373.6,131.1,9.8,7.2,12.7,TRUE,west,19.9
119,Essen II,NW,5,156298,105472,104409,21039,35363,11521,9531,4525,13971,NA,20.15056173318392,33.869685563505065,11.03448936394372,9.128523403154901,4.3339175741554845,13.381030370945032,NA,66.80123865948381,21.8,3642.6,40.7,42.9,20626,43365,436.1,151.8,11.5,7.7,14.3,TRUE,west,22
120,Essen III,NW,5,190335,152860,152063,37053,42629,8398,17995,6117,30764,NA,24.36687425606492,28.0337754746388,5.5227109816326125,11.83391094480577,4.022674812413276,20.231088430453166,NA,79.89229516379017,12.4,2147.1,40.7,42.9,20626,43365,436.1,151.8,11.5,7.7,14.3,TRUE,west,22
121,Recklinghausen I,NW,5,165193,121640,120737,27988,42552,10927,11989,4239,15180,NA,23.180963582000548,35.2435458889984,9.050249716325567,9.929847519815798,3.5109369952872775,12.572782162882962,NA,73.08844805772642,11.2,1295.3,45,35,20426,25763,279.1,117,9.2,7,11.2,TRUE,west,18.2
122,Recklinghausen II,NW,5,186413,137841,136738,33610,48563,12522,13571,4084,15627,NA,24.579853442349602,35.51536515087247,9.157659173017011,9.924819728239406,2.986733753601779,11.428425163451273,NA,73.35218037368638,11.7,642.2,43.8,35,20426,25763,279.1,117,9.2,7.2,11,TRUE,west,18.2
123,Gelsenkirchen,NW,5,168496,112317,111284,22091,41326,14204,9721,3853,11170,NA,19.851011825599368,37.135616979979154,12.763739621149492,8.735307860968334,3.4623126415297794,10.037381833866505,NA,66.04548475928212,20.6,2474.2,38.9,32.1,16450,30249,315.4,201.8,15.8,8,12.9,TRUE,west,20.9
124,Steinfurt I – Borken I,NW,5,202388,156894,155919,52625,44788,8385,17783,4469,20525,NA,33.75149917585413,28.72517140310033,5.3777923152406055,11.405280947158461,2.8662318254991375,13.163886376900827,NA,77.03964661936479,11.9,282,46.4,32.2,22414,34403,379.8,44.3,4.3,8.5,12.2,TRUE,west,20.7
125,Bottrop – Recklinghausen III,NW,5,199344,148734,147623,36814,51637,13899,14647,4484,16434,NA,24.937848438251493,34.97896669218211,9.415199528528753,9.92189563956836,3.0374670613657764,11.132411616076086,NA,74.05439842684004,11.4,870.4,42.7,37.4,20349,24440,276.7,109.8,9,7.3,11.4,TRUE,west,18.7
126,Borken II,NW,5,201103,162159,161276,59102,42303,7724,19081,3914,21738,NA,36.64649420868573,26.230189240804584,4.7893052903097795,11.831270616830775,2.4268955083211385,13.478756913613928,NA,80.1957206008861,7.5,261.7,46.4,29,22433,37294,403.8,40.6,4,7.7,11.9,TRUE,west,19.6
127,Coesfeld – Steinfurt II,NW,5,194695,161064,160182,55230,42647,7339,17927,4093,25506,NA,34.479529535153766,26.62409009751408,4.5816633579303545,11.191644504376272,2.5552184390256083,15.92313743117204,NA,82.27329926294973,6.7,196,47.5,36.8,23719,28950,328.3,37.9,3.4,7.6,10.7,TRUE,west,18.299999999999997
128,Steinfurt III,NW,5,195513,155635,154532,42528,50555,9253,16113,4723,23996,NA,27.520513550591463,32.7149069448399,5.987756581161183,10.426966582973106,3.056324903579841,15.528175394093132,NA,79.03924547216809,9,234.6,46.8,34.4,22402,32470,363.7,46.8,4.5,7.9,11.4,TRUE,west,19.3
129,Münster,NW,5,233953,196276,195456,43790,45844,5603,20786,9746,60036,NA,22.404019318926,23.454895219384415,2.8666298297314996,10.63461853307138,4.9862884741322855,30.715864440078583,NA,83.54498553128192,10.8,1039.6,43.4,51.4,22954,55003,554.3,66.4,5.3,12.4,17.9,TRUE,west,30.299999999999997
130,Warendorf,NW,5,208754,165808,164622,51722,47648,10533,18193,4525,23309,NA,31.418643923655402,28.943883563557726,6.3982942741553375,11.05137830909599,2.748721313068727,14.159103886479329,NA,78.85932724642402,10.6,210.6,46.9,34.8,23839,31221,337.2,54.3,5.1,7.7,11,TRUE,west,18.7
131,Gütersloh I,NW,5,234177,179726,178348,52421,47371,13299,21211,5173,28308,NA,29.39253594096934,26.560993114584967,7.456769910512033,11.893040572364141,2.9005091170071995,15.872339471146299,NA,76.15948620060894,14,377.4,45.4,39.1,25242,48500,499.5,48.8,4.6,8,12.1,TRUE,west,20.1
132,Bielefeld – Gütersloh II,NW,5,243059,185345,184163,37355,50009,12448,20658,11462,40161,NA,20.28366175616166,27.154748782328696,6.759229595521359,11.217236904264158,6.2238343206833076,21.807312000781916,NA,75.76884624720746,14.9,1173.6,42.3,39.2,23108,41258,476.3,108.4,8.9,9.2,14.3,TRUE,west,23.5
133,Herford – Minden-Lübbecke II,NW,5,226894,170464,169056,39769,53359,16144,19884,6038,22732,NA,23.524157675563124,31.5629140639788,9.549498391065683,11.761783077796705,3.571597577134204,13.446431951542683,NA,74.50880146676423,9.8,580.7,47.7,37.5,22784,35138,383.9,65.7,6.1,7.4,11.2,TRUE,west,18.6
134,Minden-Lübbecke I,NW,5,201888,152935,151572,35814,49351,13892,17486,4857,19762,NA,23.628374633837385,32.55944369672499,9.165281186498826,11.53643153088961,3.2044177024780303,13.03802813184493,NA,75.0772705658583,7.7,240.7,48.7,37.6,23052,41627,417.4,71.8,5.9,7.7,11.3,TRUE,west,19
135,Lippe I,NW,5,224415,172402,170871,39001,53130,16789,20221,6414,23276,NA,22.824821063843483,31.093632038204262,9.82554090512726,11.834073657905671,3.753708938321892,13.621972131022819,NA,76.14063231067442,8.7,329.8,47.4,35.6,22592,30573,331.3,72.9,6.4,7.6,11.2,TRUE,west,18.799999999999997
136,Höxter – Gütersloh III – Lippe II,NW,5,172435,134346,133088,43265,36253,11533,15488,3762,14717,NA,32.50856576100024,27.239871363308488,8.66569487857658,11.63741283962491,2.8267011300793463,11.05809689829286,NA,77.18154666975961,6.8,136.2,49.7,36.5,22548,31378,343.5,51.5,4.9,7.6,10.9,TRUE,west,18.5
137,Paderborn,NW,5,231534,178377,176982,58419,39089,14360,21877,5858,26981,NA,33.00844153642743,22.08642686826909,8.113819484467347,12.361144071148477,3.3099411239561087,15.245053169248852,NA,76.43888154655471,9.4,246.9,46.1,36.1,21601,35962,388.6,65.2,5.9,9.4,14.1,TRUE,west,23.5
138,Hagen – Ennepe-Ruhr-Kreis I,NW,5,201594,144751,143609,34210,47400,13760,16179,4857,17237,NA,23.821626778265987,33.00628790674679,9.581572185587255,11.266007005131991,3.382100007659687,12.00272963393659,NA,71.2367431570384,16.9,885.4,43.7,39.5,21541,33334,359.5,122.4,10.5,7.5,11.9,TRUE,west,19.4
139,Ennepe-Ruhr-Kreis II,NW,5,175283,136706,135700,29855,45664,9654,14432,5029,21941,NA,22.000736919675756,33.65070007369197,7.1142225497420775,10.635224760501105,3.705969049373618,16.168754605747974,NA,77.41766172418318,9.9,918,45.2,42,24441,30469,333.8,79.3,7.1,7,11.4,TRUE,west,18.4
140,Bochum I,NW,5,202393,154691,153588,29811,50162,10232,14583,8225,30795,NA,19.409719509336668,32.6601036539313,6.661978800427117,9.49488241268849,5.355236086152564,20.050394562075162,NA,75.88602372611702,13.9,2687.7,41.3,39.4,20048,33171,375.8,120.1,9.8,8.8,14.7,TRUE,west,23.5
141,Herne – Bochum II,NW,5,173939,123045,121841,23164,46578,11882,10623,5029,15383,NA,19.01166274078512,38.22851092817688,9.752053906320532,8.718739997209477,4.127510443939232,12.62547090059996,NA,70.04812031804252,15.6,2606.1,40.5,36.5,18665,26777,328.2,139.6,11.3,8.3,13.3,TRUE,west,21.6
142,Dortmund I,NW,5,206727,155814,154874,27797,50117,10746,14550,7566,31867,NA,17.948138486769892,32.359853816650954,6.938543590273384,9.394733783591823,4.885261567467748,20.576081201492826,NA,74.9171612803359,14.7,2243.7,41.1,37,19318,38469,419.6,147.5,12.1,8.5,14.4,TRUE,west,22.9
143,Dortmund II,NW,5,199317,143855,142790,27650,51080,11290,13629,6361,21714,NA,19.36410112752994,35.77281322221444,7.906716156593599,9.544786049443237,4.4547937530639405,15.206947265214652,NA,71.63964940271026,21.3,1974.4,41.1,37,19318,38469,419.6,147.5,12.1,8.5,14.4,TRUE,west,22.9
144,Unna I,NW,5,194493,148083,146936,31995,53490,11428,15286,5154,20022,NA,21.77478630151903,36.40360429030326,7.777535797898405,10.40316872652039,3.50764958893668,13.62634071976915,NA,75.54822024443038,10.3,728.3,44.8,40.2,21494,30568,331.8,88.9,8,7.2,10.8,TRUE,west,18
145,Hamm – Unna II,NW,5,231226,168760,167428,40444,59227,15497,16764,5694,19149,NA,24.156055140119932,35.37460878706071,9.255918962180758,10.012662159256516,3.4008648493680864,11.437155075614593,NA,72.40881215780233,13.9,762.1,42,33.7,19796,30045,334.5,97.6,8.8,8,11.9,TRUE,west,19.9
146,Soest,NW,5,231811,179003,177829,51697,51061,14206,21005,5520,24089,NA,29.071186364428748,28.713539411457074,7.98857329232015,11.811909193663576,3.104105629565481,13.546159512790377,NA,76.71292561612692,9.7,227.1,48,38.5,22746,35976,369.8,58.7,6,7.5,11.4,TRUE,west,18.9
147,Hochsauerlandkreis,NW,5,200496,156518,155494,52017,44640,11532,18712,3989,15473,NA,33.452737726214515,28.70850322198927,7.4163633323472284,12.03390484520303,2.5653722973233695,9.950866271367383,NA,77.55466443220811,9.1,132.5,50.5,32.9,24345,36719,411.9,48.3,4.8,7.4,11.5,TRUE,west,18.9
148,Siegen-Wittgenstein,NW,5,207672,162162,160998,42161,50327,14709,18597,5726,17842,NA,26.187281829587945,31.259394526640083,9.1361383371222,11.551075168635636,3.5565659200735413,11.082125243791848,NA,77.52513579105512,10.9,244.5,47.8,36.7,23302,40775,421.3,63.3,6,8.5,12.8,TRUE,west,21.3
149,Olpe – Märkischer Kreis I,NW,5,203350,154830,153671,50364,42362,13100,19227,4150,15243,NA,32.77391310006442,27.56668467049736,8.524705377071797,12.511794678241179,2.700574604186867,9.919243058221786,NA,75.5697074010327,12,237.7,47.1,35.7,26336,39197,415.7,59.2,6,7.5,11.7,TRUE,west,19.2
150,Märkischer Kreis II,NW,5,195816,143689,142608,40368,42230,13082,17125,4804,14880,NA,28.306967351060248,29.612644451924158,9.173398406821496,12.008442724110848,3.3686749691461912,10.434197239986537,NA,72.82755239612698,13.1,438.2,45.5,35.2,24762,37313,390.9,79,7.5,7.4,11.3,TRUE,west,18.700000000000003
151,Nordsachsen,SN,14,161279,119206,117757,23000,24732,32066,12476,8868,5462,NA,19.53174758188473,21.002573095442308,27.230652954813728,10.59469925354756,7.530762502441468,4.6383654474893214,NA,73.01446561548622,4.1,97.5,45,30.3,20340,27465,375.1,62.1,7.4,4.6,9.2,TRUE,ost,13.799999999999999
152,Leipzig I,SN,14,224100,167696,166419,24953,34748,25891,17660,20884,25848,NA,14.99408120467014,20.879827423551397,15.557718770092357,10.611769088866055,12.549047885157345,15.531880374236115,NA,74.26104417670683,10.2,1726.1,39.5,38.9,18825,36761,462,98.4,8.3,8.8,17.9,TRUE,ost,26.7
153,Leipzig II,SN,14,231178,180880,179837,23561,37634,20213,17439,26472,38264,NA,13.101308407057502,20.92672809266169,11.239622547084306,9.69711460934068,14.719996441221772,21.277045324377074,NA,77.79157186237444,9.1,2344.1,39.5,38.9,18825,36761,462,98.4,8.3,8.8,17.9,TRUE,ost,26.7
154,Leipzig-Land,SN,14,212853,162283,160447,32711,34104,38458,18322,12362,9381,NA,20.387417651934907,21.255617119671914,23.96928580777453,11.419347198763456,7.7047249247415035,5.846790528959719,NA,75.3792523478645,2.5,156.3,45.5,32.7,21768,26107,305.7,53.8,6.1,4.4,8.6,TRUE,ost,13
155,Meißen,SN,14,197004,149341,147594,25912,26045,43940,17212,10725,8872,NA,17.556269225036246,17.6463812892123,29.77085789395233,11.66172066615174,7.26655555103866,6.011084461427972,NA,74.91929097886337,3.2,166.2,44.2,30.6,21310,27919,366.8,50.6,6.3,4.4,8.6,TRUE,ost,13
156,Bautzen I,SN,14,206895,159233,157088,29213,26674,50050,17187,12272,6247,NA,18.59658280708902,16.980291301690773,31.861122428193116,10.941001222244855,7.81218170706865,3.9767518842941536,NA,75.92643611493753,2.3,113.5,43.8,31.7,20632,26384,377.7,46.5,5.7,4.3,8.4,TRUE,ost,12.7
157,Görlitz,SN,14,204105,153057,150993,27630,25441,49123,15039,11327,7358,NA,18.298861536627527,16.849125456146975,32.53329624552131,9.960064373845146,7.501672262952587,4.873073586192738,NA,73.97809950760637,4.6,119.7,47.3,28.4,19486,26380,342.7,73.6,8.9,4.8,8.4,TRUE,ost,13.2
158,Sächsische Schweiz-Osterzgebirge,SN,14,199703,154159,152154,26028,23545,48580,17814,11653,8023,NA,17.10635277416302,15.474453514202716,31.92817803015366,11.70787491620332,7.658687908303429,5.27294714565506,NA,76.19014236140669,2.9,148.5,42.5,29.3,20914,23650,323.9,45.4,5.6,4.6,8.9,TRUE,ost,13.5
159,Dresden I,SN,14,228643,181120,179726,27710,34125,32122,21989,18910,27369,NA,15.417913935657612,18.98723612610307,17.872761870847846,12.2347350967584,10.521571725849348,15.228180675027541,NA,78.60551164916485,9.8,3707.1,38.2,43,20112,40524,486.5,70.4,6.7,8.5,15.9,TRUE,ost,24.4
160,Dresden II – Bautzen II,SN,14,234432,189409,188005,26037,30620,36003,22884,20913,31265,NA,13.849099757985158,16.28680088295524,19.15002260578176,12.172016701683466,11.123640328714663,16.629876864976996,NA,80.19596300846301,5.2,723,38.8,41,20194,38283,469.4,66.6,6.6,7.9,14.8,TRUE,ost,22.700000000000003
161,Mittelsachsen,SN,14,193828,147733,145992,25603,27000,43821,16897,11687,6822,NA,17.53726231574333,18.494164063784314,30.016028275521943,11.573921858731985,8.005233163461012,4.672858786782838,NA,75.32038714736777,4,143.4,43.7,28.8,20571,27181,356.6,46.2,5.5,5.1,9.8,TRUE,ost,14.9
162,Chemnitz,SN,14,188691,140700,139579,20713,32616,30089,15781,15008,12680,NA,14.839624871936321,23.367412003238307,21.556967738699946,11.306142041424568,10.7523338037957,9.084461129539543,NA,73.9722615281068,8.5,1114.4,42.2,34.9,20366,35961,471.5,81.1,7.9,6.5,13,TRUE,ost,19.5
163,Chemnitzer Umland – Erzgebirgskreis II,SN,14,177211,137423,135982,24662,27518,37181,15117,11166,6138,NA,18.13622391198835,20.236501889956024,27.342589460369755,11.116912532541072,8.211380918062684,4.513832713153212,NA,76.7345142231577,1.9,237.2,44,29.9,20705,27194,362.1,46,5.3,4.5,8.3,TRUE,ost,12.8
164,Erzgebirgskreis I,SN,14,210941,161756,159635,31340,28848,48794,16210,12078,5194,NA,19.632286152786044,18.071224981990163,30.565978638769693,10.154414758668212,7.5660099602217565,3.2536724402543302,NA,75.6775591279078,2.3,164.4,42.7,28.3,20492,23770,338.7,39.9,5.3,4.7,8.2,TRUE,ost,12.899999999999999
165,Zwickau,SN,14,197831,147142,145546,27024,30718,36601,15431,13629,7134,NA,18.56732579390708,21.105355008038696,25.147376087285117,10.602146400450717,9.364049853654514,4.901543154741456,NA,73.570876151867,3.9,321.8,44.5,32.6,21056,30930,392.2,52.4,5.3,5.1,9.5,TRUE,ost,14.6
166,Vogtlandkreis,SN,14,184973,137816,136143,26782,30436,34112,13708,12058,6263,NA,19.6719625687696,22.355905187927398,25.05600728645615,10.06882469168448,8.856863738862813,4.600309968195206,NA,73.60155265903673,3.8,160,46.6,30,20424,25660,358.1,48,6.1,4.7,8.7,TRUE,ost,13.399999999999999
167,Waldeck,HE,6,184073,138130,136043,30392,49064,12899,15288,4441,14775,NA,22.339995442617408,36.06506766243026,9.481560977044023,11.237623398484303,3.2644090471395075,10.860536742059496,NA,73.90709120837928,8.2,108.1,51.2,22.9,22818,33576,354.2,44.5,4.4,7,10.6,TRUE,west,17.6
168,Kassel,HE,6,218474,162809,160829,28183,51812,12141,16448,10518,30348,NA,17.523580946222385,32.21558301052671,7.549011683216335,10.227011297713721,6.539865322796262,18.869731205193094,NA,73.61470930179334,15.2,852.4,43.4,32.9,20899,44710,471.8,95.3,7.3,8.9,14.5,TRUE,west,23.4
169,Werra-Meißner – Hersfeld-Rotenburg,HE,6,171886,130905,129026,27867,48579,14899,12807,4524,11595,NA,21.597972501666334,37.65055105172601,11.547285043324601,9.925906406460713,3.506270054097624,8.986560848201137,NA,75.06486857568389,9,104.3,51,23,21564,31395,351.2,52.8,5,7.1,10.9,TRUE,west,18
170,Schwalm-Eder,HE,6,185944,141494,139171,29913,50100,15047,15422,4411,14089,NA,21.493701992512808,35.998879076819165,10.81187891155485,11.081331599255591,3.169482147861264,10.12351711204202,NA,74.84565245450243,7.4,104.3,52.6,30.2,22413,32592,335.8,44.3,4.4,7,10.9,TRUE,west,17.9
171,Marburg,HE,6,181588,141581,140269,31042,42098,12558,14789,8089,22347,NA,22.130335284346504,30.012333445023494,8.952797838439,10.543313205341166,5.766776693353485,15.931531557222195,NA,77.24574311077824,12,195.7,47.5,34.1,21581,38530,374.7,50.7,4.6,10.7,14,TRUE,west,24.7
172,Lahn-Dill,HE,6,206532,153384,151400,37725,44546,17513,17327,5102,16957,NA,24.917437252311757,29.422721268163805,11.567371202113605,11.444517833553501,3.3698811096433285,11.200132100396301,NA,73.30583154184339,10.7,239.3,50,21.1,23504,34649,372.2,66.7,5.7,7.4,11.6,TRUE,west,19
173,Gießen,HE,6,217514,161919,159702,36201,44046,14836,17106,8028,26109,NA,22.667843859187737,27.5801179697186,9.28980225670311,10.711199609272269,5.026862531464853,16.348574219483787,NA,73.4214809161709,12.2,218.6,47.2,32.9,21486,34680,362,71.9,5.8,10.6,14.8,TRUE,west,25.4
174,Fulda,HE,6,208542,163560,161704,50312,36343,21443,20528,4447,16324,NA,31.113639736803044,22.475016078761193,13.260649087221097,12.694800375995646,2.750086577944887,10.094988373818829,NA,77.540255679911,9.1,128.2,49.9,22.6,22678,35878,400.9,39.9,3.8,8,12,TRUE,west,20
175,Main-Kinzig – Wetterau II – Schotten,HE,6,178307,137070,135037,32685,36943,17079,17046,4308,15009,NA,24.20447729140902,27.357687152410083,12.64764471959537,12.623206972903722,3.1902367499277973,11.114731518028393,NA,75.73286522682788,10.7,151.9,49.9,28.6,24511,34219,313.9,57.2,5.2,7.2,11,TRUE,west,18.2
176,Hochtaunus,HE,6,179842,144012,142682,37331,35171,11156,21996,4441,22486,NA,26.16377679034496,24.64992080290436,7.818785831429333,15.416100138770133,3.112515944548016,15.759521172958046,NA,79.33741840059608,14.6,310.6,49.4,39.7,32099,44772,383.2,49.6,5.1,6.8,10.1,TRUE,west,16.9
177,Wetterau I,HE,6,176897,138935,137257,32419,35909,11680,19043,4905,21917,NA,23.6191961065738,26.16187152567811,8.509584210641352,13.873973640688636,3.5735882322941634,15.967855919916651,NA,77.59147978767305,13.6,325.9,47.9,40.7,24647,29667,284.5,49.7,4.8,7.3,11.5,TRUE,west,18.8
178,Rheingau-Taunus – Limburg,HE,6,220466,172247,170482,44413,43708,14523,23745,5395,25328,NA,26.05143064957004,25.637897256015297,8.518787907227743,13.928156638237468,3.1645569620253164,14.856700414119967,NA,77.3280233686827,12.8,254.5,49.7,31.8,24946,27636,272.1,52.5,5.1,7.3,10.8,TRUE,west,18.1
179,Wiesbaden,HE,6,186735,136214,134866,28523,33546,9588,18947,7128,26818,NA,21.14914062847567,24.873578218379723,7.109278839737221,14.048759509438998,5.285246096125042,19.884922812272922,NA,72.2232040056765,19.8,1365.9,41.2,37.4,25338,63527,494.1,111.6,8.1,8.1,13.2,TRUE,west,21.299999999999997
180,Hanau,HE,6,176271,131412,129652,29223,35739,13257,17158,4948,18258,NA,22.53956745750162,27.565328726128406,10.225064017523833,13.233887637676242,3.816369975010027,14.082312652330856,NA,73.55265471915403,19.2,756.8,43.4,23.1,24607,36533,326.5,61.4,5.5,7.5,12.1,TRUE,west,19.6
181,Main-Taunus,HE,6,195514,157718,156281,42260,34468,10427,26335,4708,26771,NA,27.041035058644365,22.055144259378938,6.67195628387328,16.85105675034073,3.0125223155725904,17.130041399786283,NA,79.93340630338493,17.1,1050.4,46.9,38.4,29595,54338,430.3,46.6,4.8,6.7,10.4,TRUE,west,17.1
182,Frankfurt am Main I,HE,6,201216,145010,143763,25915,32499,7846,21361,10384,33821,NA,18.02619589184978,22.60595563531646,5.457593400249021,14.8584823633341,7.22299896357199,23.525524648205728,NA,71.44710162213741,33,4467,37,38.3,23436,94190,788.9,94.3,7.3,7.6,18.1,TRUE,west,25.700000000000003
183,Frankfurt am Main II,HE,6,227207,175004,173651,31660,38777,8188,25530,11901,44370,NA,18.23197102233791,22.330421362387778,4.715204634583158,14.701902090975578,6.853401362502952,25.551249344950506,NA,76.42854313467454,26.1,2348.1,37,38.3,23436,94190,788.9,94.3,7.3,7.6,18.1,TRUE,west,25.700000000000003
184,Groß-Gerau,HE,6,174082,129261,127584,27301,37973,11246,14999,5394,18928,NA,21.398451216453473,29.763136443441184,8.814584900928017,11.756176323049912,4.2278028592927015,14.835716077251066,NA,73.28959915442148,22.7,608.6,41.5,26.8,22014,45716,360.7,72.9,6.1,7.8,12.9,TRUE,west,20.7
185,Offenbach,HE,6,219511,158052,155814,35754,38799,12098,20625,7787,27062,NA,22.946590165196966,24.900843313181102,7.764385741974405,13.236936347183178,4.997625373843172,17.368144069210725,NA,70.98231979262998,27.3,1520.8,39.3,34.2,22717,39661,358.3,83.2,7.7,7.6,13.6,TRUE,west,21.2
186,Darmstadt,HE,6,240763,188916,187028,34472,49273,12194,22256,10764,41948,NA,18.431464807408517,26.345253117180317,6.519879376350065,11.899822486472614,5.755287978270633,22.428727249395813,NA,77.681371307053,17.5,778.7,42.9,42.3,24169,51208,444.1,67.3,5.7,9.2,14.7,TRUE,west,23.9
187,Odenwald,HE,6,233901,179830,177126,42857,49518,15983,22433,6333,24694,NA,24.195770242652124,27.956370041665256,9.02351998012714,12.664995539898152,3.575420886826327,13.941487980307803,NA,75.72691010299229,14.2,290.1,47.4,32,24193,32679,303.6,56,5.4,7.3,11.2,TRUE,west,18.5
188,Bergstraße,HE,6,197782,153176,151443,37064,41124,14377,20432,4629,21457,NA,24.47389446854592,27.15477110199877,9.493340728855081,13.491544673573555,3.0565955508012914,14.168366976354141,NA,76.57066871606112,13.8,375.7,48.1,36.1,24752,28488,281.7,52.7,4.3,7,11.2,TRUE,west,18.2
189,Eichsfeld – Nordhausen – Kyffhäuserkreis,TH,16,209203,154488,152678,33662,37282,34296,13695,15166,7176,NA,22.04770824873263,24.418711274708865,22.462961264884264,8.969858132802369,9.933323727059564,4.700087766410354,NA,72.98078899442169,3.7,95.6,45.7,32.1,19239,25185,325.4,62.4,7.2,5.4,9.8,TRUE,ost,15.200000000000001
190,Eisenach – Wartburgkreis – Unstrut-Hainich-Kreis,TH,16,212267,156113,154221,28249,38363,37737,13258,15872,7469,NA,18.317220093242813,24.87534123109045,24.469430233236718,8.596754008857419,10.291724213952705,4.8430499088969725,NA,72.65425148515784,4.3,112.1,45.4,29.1,19964,28268,369.9,55.9,6.9,5.1,9.7,TRUE,ost,14.799999999999999
191,Jena – Sömmerda – Weimarer Land I,TH,16,198697,154163,152575,23869,34195,30263,14070,19505,16709,NA,15.644109454366706,22.411928559724725,19.834835326888413,9.221694248730133,12.783876781910536,10.951335408815337,NA,76.78777233677408,6.4,156.6,43.1,38.5,19332,33607,407.6,53.1,6.1,7.1,12.9,TRUE,ost,20
192,Gotha – Ilm-Kreis,TH,16,190519,142566,140648,21820,33437,36522,12126,15454,8100,NA,15.513907058756612,23.773533928673,25.966952960582447,8.621523235310848,10.98771400944201,5.759058074057221,NA,73.82360814406962,6.4,138.5,44,33.1,19466,28603,362.1,57.4,6.1,5.7,10.5,TRUE,ost,16.2
193,Erfurt – Weimar – Weimarer Land II,TH,16,217944,166604,164998,23580,39378,26803,15504,23055,21831,NA,14.291082316149287,23.865743827197903,16.24443932653729,9.396477533061006,13.97289664117141,13.231069467508696,NA,75.70660353118232,8.5,645.5,39,40.8,19288,37293,475.6,81.2,6.9,7.9,13.9,TRUE,ost,21.8
194,Gera – Greiz – Altenburger Land,TH,16,229588,168147,166043,27303,36326,46659,16212,18666,7331,NA,16.44333094439392,21.877465475810485,28.100552266581545,9.763735899736815,11.241666315352047,4.41512138421975,NA,72.32215969475757,4.3,178.6,46.3,30.3,19952,24981,333.2,75,7.2,4.6,8.7,TRUE,ost,13.299999999999999
195,Saalfeld-Rudolstadt – Saale-Holzland-Kreis – Saale-Orla-Kreis,TH,16,219437,166531,164623,27008,35019,46381,15428,18489,7383,NA,16.405970004191396,21.272240209448253,28.17407045188097,9.37171598136348,11.231115943701669,4.484792525953239,NA,75.0206209527108,3.3,89.6,45.3,31.8,19948,25762,342.8,44.1,5.8,4.8,8.8,TRUE,ost,13.600000000000001
196,Suhl – Schmalkalden-Meiningen – Hildburghausen – Sonneberg,TH,16,230071,171108,169125,27923,42446,44572,13990,18486,7221,NA,16.51027346637103,25.097413155949745,26.354471544715448,8.271988174427198,10.930376940133039,4.269623059866962,NA,73.50991650403571,4.7,101.2,45.8,27,21062,28039,347.4,35,5.4,5.1,9.5,TRUE,ost,14.6
197,Neuwied,RP,7,238118,181837,180293,48338,54018,17504,20751,5417,18930,NA,26.81080241606718,29.961229775975774,9.708640934478877,11.509598265046343,3.004553698701558,10.49957569068128,NA,75.71582156745815,9.1,245.5,51.1,30,22885,30631,325.2,53.2,5.7,7.3,11.3,TRUE,west,18.6
198,Ahrweiler,RP,7,195109,148466,147087,41942,42303,11322,17484,3851,17685,NA,28.515096507509163,28.760529482551146,7.697485161842992,11.886842480980645,2.618178357026794,12.023496298109283,NA,75.38709131818625,8.5,187.1,52.8,38.9,23360,28910,295.8,42.3,4.3,7.1,11.2,TRUE,west,18.299999999999997
199,Koblenz,RP,7,193035,147127,145903,37958,42817,10426,16371,4804,21007,NA,26.015914683042844,29.346209467934177,7.145843471347401,11.220468393384646,3.2925985072274044,14.397921907020416,NA,75.58370243738182,11.9,408.6,49.1,42.7,22354,46712,457.8,61.2,5.3,8.3,13.6,TRUE,west,21.9
200,Mosel/Rhein-Hunsrück,RP,7,171102,134717,133262,38664,38015,11061,16664,3725,12230,NA,29.0135222343954,28.526511683750805,8.300190601972055,12.504690009154897,2.795245456319131,9.177409914304151,NA,77.88453670909749,8.5,95.7,57.6,28.8,23413,33131,354.3,35.3,4.6,6.8,10.8,TRUE,west,17.6
201,Kreuznach,RP,7,182380,138109,136658,33433,44259,13510,15704,4454,12903,NA,24.46472215311215,32.38668793630816,9.885992770273237,11.491460434076307,3.2592310731900076,9.44181826164586,NA,74.9303651716197,10.3,145.8,53.3,35.2,22375,29815,336.1,65.7,6.7,7,11.1,TRUE,west,18.1
202,Bitburg,RP,7,163493,124449,123054,37086,34343,8794,13997,3265,11411,NA,30.137988200302306,27.90888552992995,7.146456027435109,11.374681034342645,2.653306678368846,9.273164626911761,NA,75.2656077018588,11.3,70.2,58.6,32,22568,30506,319.9,30.3,3.7,7.1,11.7,TRUE,west,18.799999999999997
203,Trier,RP,7,190530,147171,145631,34578,44123,9001,16206,5712,22708,NA,23.74357108033317,30.297807472310158,6.180689550988458,11.12812519312509,3.922241830379521,15.592833943322507,NA,76.43468220227786,12.6,214,51.1,40.1,22735,30496,330.9,45.9,4.7,8.9,14.1,TRUE,west,23
204,Montabaur,RP,7,210816,164165,162711,43125,49346,14565,19021,4690,16832,NA,26.504047052749968,30.327390280927535,8.951453804598337,11.69005168673292,2.8824111461425472,10.34472162300029,NA,77.18152322404372,8.6,180.9,54.3,28.7,25189,32019,324.1,37.2,3.7,7,11.4,TRUE,west,18.4
205,Mainz,RP,7,249630,202670,201288,42659,53889,10833,23178,9418,46183,NA,21.193016970708637,26.77208775485871,5.381840944318588,11.514844402050793,4.678868089503597,22.943742299590635,NA,80.63453911789449,15.5,756.6,45.2,49.2,24026,48826,433.2,62.6,5.6,9.6,15.9,TRUE,west,25.5
206,Worms,RP,7,212943,166636,164822,37548,49656,17033,20095,5068,20799,NA,22.780939437696425,30.127046146752257,10.334178689738021,12.191940396306318,3.0748322432684954,12.619067842885052,NA,77.40193385084272,11.9,310.6,49.8,37.9,23554,31857,293.7,59.5,6.1,7.4,11.4,TRUE,west,18.8
207,Ludwigshafen/Frankenthal,RP,7,210969,154911,153258,33726,45895,18075,18421,4651,18128,NA,22.006029049054536,29.94623445431886,11.793837842070234,12.019600934372104,3.034751856346814,11.828420049850578,NA,72.64479615488531,20.3,1030.3,44.7,32.6,22368,54556,434.9,89.3,8.1,7.5,12.8,TRUE,west,20.3
208,Neustadt – Speyer,RP,7,219416,173828,172322,41322,47121,17499,21823,4880,23949,NA,23.97952670001509,27.34473833869152,10.154826429591115,12.664082357447104,2.8319077076635604,13.897819198941516,NA,78.53666095453386,10.6,332.4,51.8,45.6,26394,29069,305.4,49.3,5.4,6.7,11,TRUE,west,17.7
209,Kaiserslautern,RP,7,224701,169206,167464,33226,54460,20702,17242,6383,17611,NA,19.840682176467777,32.52042229971815,12.362059905412506,10.295944202933168,3.8115654707877513,10.51629006831319,NA,74.52748318877086,10.6,175.8,56.1,37.3,20843,31327,335.6,69,7,8.1,12.7,TRUE,west,20.799999999999997
210,Pirmasens,RP,7,174093,132470,130723,33507,38261,17178,14374,4207,9877,NA,25.632061687690765,29.26875913190487,13.14076329337607,10.995769680928376,3.218255394995525,7.5556711519778466,NA,75.08802766337533,8.4,160.4,59.4,34.9,21942,26248,287.7,56.4,6.5,7,11.3,TRUE,west,18.3
211,Südpfalz,RP,7,217000,171259,169676,39421,47028,17702,21120,5598,22882,NA,23.233103090596195,27.71635352082793,10.432824913364295,12.447252410476437,3.299229119026851,13.485702161767133,NA,78.19170506912442,10.3,241.5,51.7,40.6,23448,34495,351.6,47,5,7.9,11.8,TRUE,west,19.700000000000003
212,Altötting,BY,9,168656,129441,128760,NA,18309,13940,13298,2769,12248,44060,NA,14.219478098788443,10.826343584964276,10.327741534638086,2.1505125815470643,9.512270891581236,34.218701460080766,76.34474907504031,12.2,165.4,48.1,22.2,23613,41722,398.6,31.1,4.1,7.6,12.1,TRUE,west,19.7
213,Erding – Ebersberg,BY,9,200569,168337,167603,NA,25693,12228,20228,3648,24620,55992,NA,15.32967786972787,7.295812127467885,12.06899637834645,2.176572018400625,14.68947453207878,33.40751657189907,83.56376109967142,13.1,198.5,45.3,31.4,26354,32007,311.9,17.7,2.9,7.9,11.9,TRUE,west,19.8
214,Freising,BY,9,237250,194002,193119,NA,29085,17515,21738,4456,26055,62930,NA,15.060662078821865,9.06953743546725,11.256272039519674,2.307385601623869,13.491681294952853,32.58612565309472,81.39894625922022,14.9,187.4,47.1,22,25049,43404,410.7,15.3,3.2,8.3,13.7,TRUE,west,22
215,Fürstenfeldbruck,BY,9,231905,192779,191852,NA,31141,13209,23046,4192,30537,63944,NA,16.23178283260013,6.884994683401789,12.012384546421199,2.1850176177470133,15.916956820882763,33.329858432541755,82.72870356395939,15.2,336.4,44.2,32.7,26114,27786,260.3,24.3,3.5,7.5,12,TRUE,west,19.5
216,Ingolstadt,BY,9,238384,187395,186539,NA,31592,18694,19797,4450,20833,64577,NA,16.935868638729705,10.021496845163746,10.612794107398454,2.3855601241563424,11.16817394753912,34.61849800845936,78.2514766091684,13.7,183.2,47.4,27.5,24514,73589,500.1,27.9,3.2,7.9,14.2,TRUE,west,22.1
217,München-Nord,BY,9,223683,175551,174902,NA,33241,8250,25953,7044,44861,39986,NA,19.005500222982015,4.716927193514082,14.83859532766921,4.027398200134933,25.64922070645276,22.861945546648982,78.1919055091357,28.7,4247,38.3,35.7,32766,79690,605,51.8,5.3,8.1,18.6,TRUE,west,26.700000000000003
218,München-Ost,BY,9,242591,193958,193271,NA,36106,8978,27112,7080,47647,49286,NA,18.681540427689615,4.645290809278164,14.027971087229849,3.6632500478602585,24.65294845062115,25.500980488536822,79.66948485310667,25.9,4909,38.3,35.7,32766,79690,605,51.8,5.3,8.1,18.6,TRUE,west,26.700000000000003
219,München-Süd,BY,9,214606,172970,172371,NA,33117,7910,21495,7669,45562,40585,NA,19.212628574412168,4.58893897465351,12.470195102424423,4.44912427264447,26.43252055160091,23.54514390471715,80.31974874887003,25.8,6478,38.3,35.7,32766,79690,605,51.8,5.3,8.1,18.6,TRUE,west,26.700000000000003
220,München-West/Mitte,BY,9,242252,198272,197625,NA,37513,8403,26401,8219,54303,45540,NA,18.981910183428212,4.251992409867173,13.359139784946237,4.158886780518659,27.477798861480075,23.043643263757115,81.57827386358008,24.7,4189.1,38.3,35.7,32766,79690,605,51.8,5.3,8.1,18.6,TRUE,west,26.700000000000003
221,München-Land,BY,9,234912,199333,198610,NA,34189,10489,28696,4449,36817,64669,NA,17.214138260913348,5.2812043703741,14.448416494637733,2.2400684759075573,18.53733447459846,32.56079754292331,84.54655360305135,18,527.6,44.7,50.2,31122,110283,684.7,21.2,3.5,7.9,11.7,TRUE,west,19.6
222,Rosenheim,BY,9,237390,191410,190561,NA,27406,16570,23049,4607,25962,59126,NA,14.381746527358693,8.69537838277507,12.095339550065333,2.4175985642392726,13.623983921159105,31.02733507905605,80.27338978052993,12.5,220,46.2,27.7,25321,36635,372.2,24.5,3.7,7.7,12.3,TRUE,west,20
223,Bad Tölz-Wolfratshausen – Miesbach,BY,9,166662,136106,135356,NA,18276,10835,17048,2908,18138,46304,NA,13.502172050001477,8.004816927214161,12.594934838499954,2.148408640917285,13.400218682585182,34.20904873075445,81.21587404447325,12.9,115.3,47,29.2,27813,32875,327.9,18.8,3.6,7.3,11.4,TRUE,west,18.7
224,Starnberg – Landsberg am Lech,BY,9,214828,180978,180264,NA,28584,11066,23893,4446,32663,57906,NA,15.85674344295034,6.138774242222518,13.2544490303111,2.466382638796432,18.119535791949584,32.122886433231265,83.91084960992049,13,226.4,48.5,35.1,30346,39032,344.4,20.5,3.7,7.5,10.6,TRUE,west,18.1
225,Traunstein,BY,9,208815,163876,163059,NA,25190,14027,15747,3943,19985,51421,NA,15.448395979369431,8.602407717451966,9.657240630691959,2.418143126107728,12.256299866919337,31.535211181228878,78.08778105021192,12.6,119.3,47.6,26,23729,38335,373.6,23.9,4.6,7.5,12.2,TRUE,west,19.7
226,Weilheim,BY,9,168473,138039,137160,NA,19927,10873,14311,3124,18397,48178,NA,14.528288130650335,7.927238261883931,10.433799941673957,2.277631962671333,13.412802566345874,35.12540099154272,81.41363898072687,11.1,113.2,46.5,27.5,25229,37034,354.5,25.6,4,7.4,11.4,TRUE,west,18.8
227,Deggendorf,BY,9,166186,127193,126644,NA,19873,17911,10778,2301,8516,42154,NA,15.692018571744418,14.142793973658444,8.510470294684312,1.8169040775717762,6.724361201478159,33.28543002432014,76.20617861913759,7.6,109,52.3,21.6,22603,36219,385.5,21.1,4.6,8,12,TRUE,west,20
228,Landshut,BY,9,246854,195589,194766,NA,30931,19973,20204,4186,20087,64383,NA,15.881108612386146,10.254869946499902,10.373473809597158,2.149245761580563,10.313401723093353,33.05659098610641,78.89926839346334,13.4,149,47.8,22.3,24351,39072,366.5,24.3,4.2,8,12.8,TRUE,west,20.8
229,Passau,BY,9,177563,136625,136052,NA,23892,16023,12782,3093,12645,44215,NA,17.560932584600007,11.77711463264046,9.394937229882693,2.2733954664393026,9.294240437479786,32.498603475141856,76.62181873475893,10.5,154.1,51.2,25.5,21866,39458,417.7,33.9,4.9,8.4,12.7,TRUE,west,21.1
230,Rottal-Inn,BY,9,173632,133885,133246,NA,19108,16384,12904,2487,9495,45687,NA,14.340392957387088,12.29605391531453,9.68434324482536,1.8664725395133812,7.125917475946745,34.28770844903411,76.74046258754147,11.2,99.1,51.6,20.5,24283,45047,409.8,24.8,4.3,7.9,12.5,TRUE,west,20.4
231,Straubing,BY,9,173772,132955,132243,NA,19938,17402,11603,2468,8964,46742,NA,15.07679045393707,13.159108610663703,8.773999379929373,1.8662613522076783,6.778430616365327,35.34553813812452,76.10144327049237,9.3,100.9,50.8,27.9,22553,35108,383.6,29.2,5.3,7.6,12.3,TRUE,west,19.9
232,Amberg,BY,9,216071,173297,172358,NA,31547,17958,15067,4095,16191,60430,NA,18.303182909989673,10.41901159215122,8.741688810499078,2.3758688311537615,9.393819840100257,35.0607456572947,79.76914995533876,8.5,105.6,50.9,24.4,23575,38453,387.7,22.1,3.5,7.8,12.1,TRUE,west,19.9
233,Regensburg,BY,9,248192,198937,198175,NA,34563,17343,18773,6798,32094,61187,NA,17.440645893780747,8.751356124637317,9.472940582818216,3.4303015011984357,16.194777343257222,30.875236533366973,79.8474568076328,12.5,244.8,47.4,30.2,23694,53270,510.8,31.2,4,8.6,15.4,TRUE,west,24
234,Schwandorf,BY,9,222424,174957,174145,NA,31209,23508,12650,3394,11179,59430,NA,17.92127250279939,13.499095581268483,7.264061557897154,1.9489505871543829,6.41936317436619,34.12673346923541,78.29415890371543,7.6,92.2,50.6,24.8,22562,36908,394.8,21.5,4.3,7.7,12.1,TRUE,west,19.8
235,Weiden,BY,9,165807,132247,131356,NA,29461,14898,9601,2830,9170,46451,NA,22.428362617619293,11.341697372027163,7.309144614635038,2.1544505009287738,6.981028654952952,35.36267852248851,79.22222825333068,6.5,81,51.4,25.7,22271,38488,413.1,31.6,4.4,7.6,11.8,TRUE,west,19.4
236,Bamberg,BY,9,182586,148660,148068,NA,25698,14284,14336,4676,21898,49463,NA,17.35553934678661,9.646918983169893,9.68203798254856,3.158008482589081,14.789150930653483,33.40559742820866,81.09493608491341,9.4,240.4,47,35.5,23361,39940,421.9,28.8,3.9,8.1,14.1,TRUE,west,22.2
237,Bayreuth,BY,9,162430,129136,128530,NA,26584,11636,12020,3294,15647,43768,NA,20.683109001789465,9.053139344900023,9.351902279623433,2.562825799424259,12.17381156150315,34.0527503306621,79.129471156806,7.3,125.4,49.2,33.2,22384,38185,386.8,31.2,4.3,9.3,12.5,TRUE,west,21.8
238,Coburg,BY,9,156571,123864,123160,NA,31087,12836,10683,3118,11459,39343,NA,25.24114972393634,10.422215004871711,8.674082494316336,2.531666125365378,9.304157193894122,31.94462487820721,78.66079925401256,6.5,151.1,50.7,29.7,24869,43985,448.7,34.3,4.6,7.1,11.4,TRUE,west,18.5
239,Hof,BY,9,162872,125334,124559,NA,30426,14560,10552,3004,9628,41308,NA,24.426978379723664,11.689239637440892,8.471487407573921,2.411708507614865,7.729670276736325,33.163400476882444,76.47661967680142,9.6,136.6,50.9,26.6,21897,36860,423,52.6,5.3,7.1,10.6,TRUE,west,17.7
240,Kulmbach,BY,9,168923,137178,136507,NA,27009,15774,11399,2982,11966,49389,NA,19.785798530478292,11.555451368794275,8.35048752078648,2.1845033588021128,8.76585083548829,36.18056216897302,80.81019162577033,5.1,121,50.6,21.2,23067,32554,358.7,24.6,3.9,7,11.1,TRUE,west,18.1
241,Ansbach,BY,9,243174,192508,191486,NA,37642,19142,16213,4904,22325,63299,NA,19.657833993085656,9.996553272824123,8.466937530681093,2.5610227379547332,11.65881578809939,33.05672477361269,78.74443813894577,9.8,105.6,48.8,24.7,23188,35045,380.2,22.6,3.7,7.8,12,TRUE,west,19.8
242,Erlangen,BY,9,187299,155377,154708,NA,30146,10872,16062,5817,31222,44664,NA,19.485740879592523,7.027432324120278,10.382139255888513,3.7599865553171137,20.181244667373374,28.86987098275461,82.59947997586747,13.2,356.8,47.9,40.5,25526,64405,572.3,27.8,3.6,8.5,14.2,TRUE,west,22.7
243,Fürth,BY,9,250730,197939,196943,NA,42329,17692,18765,6946,29778,58976,NA,21.493020823283896,8.983309891694551,9.528137582955475,3.5269088010236462,15.120110895030543,29.945720335325447,78.54784030630559,12.4,218.1,46.4,29.9,24207,30537,313.4,38.2,4.4,7.3,12.3,TRUE,west,19.6
244,Nürnberg-Nord,BY,9,188283,145212,144486,NA,30232,8887,14692,8627,34055,34349,NA,20.923826529906012,6.150768932630151,10.168459227883671,5.9708207023517845,23.56975762357599,23.77323754550614,76.73873902582814,24,3385.6,40.7,28.8,22748,60711,596.3,79,6.7,8.1,15.8,TRUE,west,23.9
245,Nürnberg-Süd,BY,9,177316,129560,128713,NA,29195,12901,11495,4893,17687,38663,NA,22.682246548522684,10.023074592310023,8.93072183850893,3.8014808139038014,13.74142472011374,30.03814688493004,72.58961402242325,21,1901.3,41.5,29.8,23272,56969,566.9,73,6.4,8,15.2,TRUE,west,23.2
246,Roth,BY,9,229279,189675,188730,NA,38786,16043,16974,4950,26197,60980,NA,20.551051767074657,8.500503364594925,8.99380066762041,2.6227944682880304,13.880676098129602,32.31070841943517,82.31455999023024,8.4,175.6,49.7,27.1,25307,31080,321.8,20.1,3.1,7.2,11,TRUE,west,18.2
247,Aschaffenburg,BY,9,182652,146772,145720,NA,30232,13716,16199,4068,20642,45739,NA,20.746637386769144,9.412572055997805,11.116524842163052,2.791655229206698,14.165522920669776,31.38827889102388,79.78012833147187,11.8,322.1,48.4,27.7,24564,45382,409,42,4.6,7.1,12.1,TRUE,west,19.2
248,Bad Kissingen,BY,9,214061,174164,173105,NA,30540,18434,15211,4820,15874,65063,NA,17.642471332428293,10.649028046561336,8.787152306403629,2.784437191300078,9.170156841223536,37.585858294098955,80.86713600328879,5.3,85.8,51.6,25.7,22733,34936,361.6,23.2,3.6,7.1,11,TRUE,west,18.1
249,Main-Spessart,BY,9,194408,158133,157067,NA,32771,13918,14151,3685,17806,54097,NA,20.864344515397885,8.861186627362844,9.009530964492859,2.3461325421635353,11.336563377412187,34.441989724130465,80.79245710053084,9.4,125.1,50.7,26.2,23464,35706,358.3,24,3.4,7.2,11.1,TRUE,west,18.3
250,Schweinfurt,BY,9,196710,157357,156352,NA,30482,15687,15039,4928,17085,54441,NA,19.495753172329103,10.033130372492836,9.6186809250921,3.151862464183381,10.927266680311092,34.8195098239869,79.48350363479233,10.1,166.6,48,29.7,22848,44202,436.3,33.6,3.7,7.5,12.3,TRUE,west,19.8
251,Würzburg,BY,9,224907,185659,184702,NA,37079,12220,19230,7027,35634,55957,NA,20.07503979383006,6.616062630615803,10.411365334430595,3.8045067189310346,19.292698508949552,30.29582787408907,82.12372224964096,9,274.9,48.4,32.5,23974,44469,455.7,32.8,3.4,9.6,15.1,TRUE,west,24.7
252,Augsburg-Stadt,BY,9,207543,153315,152460,NA,29200,13888,16969,6952,28971,38653,NA,19.15256460711006,9.10927456382002,11.130132493768857,4.559884559884559,19.002361275088546,25.352879443788535,73.45947586765152,21.6,1964.4,38.7,31.7,20487,47808,476.3,56.8,6.4,9,16.5,TRUE,west,25.5
253,Augsburg-Land,BY,9,249372,204737,203667,NA,33405,19481,22301,4176,26207,67883,NA,16.40177348318579,9.565123461336396,10.949736579809198,2.050405809483127,12.867573048161951,33.330387347974884,81.67195996342814,9.6,217.1,48.5,20,25308,29535,298.1,22.1,3.3,7.4,11.4,TRUE,west,18.8
254,Donau-Ries,BY,9,195774,157033,156215,NA,25784,17135,15593,2855,14911,54929,NA,16.50545722241782,10.96885702397337,9.981755913324584,1.8276093845021286,9.545178119898857,35.162436385750404,79.79353744623903,9.6,109.2,48.6,23.4,24897,42080,408.4,18.8,2.8,7.9,12.1,TRUE,west,20
255,Neu-Ulm,BY,9,241919,188813,187714,NA,31900,22293,22019,4410,20764,59028,NA,16.993937585901957,11.876045473432988,11.73007873680173,2.3493186443206153,11.061508465005273,31.44570996302886,77.59374005348899,14,200.4,46.5,26.1,24545,41309,391.5,20.3,3.2,8,12.7,TRUE,west,20.7
256,Oberallgäu,BY,9,228803,181755,180741,NA,29910,14350,20953,5043,27393,55017,NA,16.548541836108022,7.93953779164661,11.592831731593828,2.790180423921523,15.155941374674258,30.439689943067705,78.99415654515019,11.9,160.4,46.2,23.6,24629,38673,405.4,23.3,3.8,7.6,12.3,TRUE,west,19.9
257,Ostallgäu,BY,9,250575,198667,197643,NA,30914,19779,21561,5007,23712,62635,NA,15.641333110709715,10.007437652737512,10.909063311121567,2.533355595695269,11.997389232100302,31.690978177825674,78.87578569290632,11.8,145.9,46.7,24.8,24550,40550,412.6,21.4,3.5,7.6,12.2,TRUE,west,19.799999999999997
258,Stuttgart I,BW,8,191811,157514,156838,31536,31003,6591,26036,8127,44559,NA,20.107371937923208,19.767530827988114,4.202425432611995,16.60056873971869,5.181779925783292,28.41084431069001,NA,81.7669476724484,22.1,2732.3,37.1,42.2,25788,90518,665.3,63.4,5.6,8.4,18.5,TRUE,west,26.9
259,Stuttgart II,BW,8,178958,133588,132696,28403,30198,9541,20273,6739,28221,NA,21.40456381503587,22.757279797431725,7.190118767709652,15.277777777777779,5.078525351178634,21.267408211249776,NA,74.14924172152125,27.7,3474.2,37.1,42.2,25788,90518,665.3,63.4,5.6,8.4,18.5,TRUE,west,26.9
260,Böblingen,BW,8,245553,195335,194114,50675,39955,16810,35082,5141,32594,NA,26.105793502787023,20.583265503776133,8.659859670090771,18.07288500571829,2.6484436980331147,16.791163955201583,NA,79.05177293700342,18.7,657,43.6,30,25597,66535,462.1,34.5,4.1,7.3,13.1,TRUE,west,20.4
261,Esslingen,BW,8,166628,131888,131121,33175,29852,9733,20901,4063,23902,NA,25.30105780157259,22.766757422533384,7.422914712364914,15.940238405747365,3.098664592246856,18.22896408660703,NA,78.69085627865665,19.2,1205.7,41.6,34.1,25582,42726,411.1,40.6,4.4,8,13.3,TRUE,west,21.3
262,Nürtingen,BW,8,205967,165777,164570,42826,33995,14327,28807,4357,27702,NA,26.02296894938324,20.65686334082761,8.705717931579267,17.50440542018594,2.6475056207085133,16.83295861943246,NA,79.90114921322348,16.4,642.2,43.9,33.9,25583,43937,413.7,40.3,4.4,7.7,12.7,TRUE,west,20.4
263,Göppingen,BW,8,177107,135606,134423,35079,31422,15412,21723,3338,16916,NA,26.09598059855828,23.375464020294146,11.465299837081453,16.1601809214197,2.48320599897339,12.584155985210865,NA,75.89931510329913,17,401.9,43.8,26.8,24173,34635,339,47.3,4.9,7.6,12.1,TRUE,west,19.7
264,Waiblingen,BW,8,221775,175841,174749,44987,37753,15474,30999,5001,27098,NA,25.743781080292305,21.60412935124092,8.854986294628295,17.739157305621205,2.861818951753658,15.506812628398444,NA,78.79562619772291,16.5,628.1,42.7,26.8,25631,35442,356.2,45,4.6,7.6,12.1,TRUE,west,19.7
265,Ludwigsburg,BW,8,215312,171843,170842,42297,37284,14313,27611,5275,31433,NA,24.757963498437153,21.823673335596634,8.377916437410004,16.161716673885813,3.0876482363821545,18.398871471886306,NA,79.34625102177306,19.1,914.1,41.6,31.5,26189,47422,381,34.1,3.7,7.4,13.6,TRUE,west,21
266,Neckar-Zaber,BW,8,230738,186673,185436,46315,41369,18702,30783,4851,29048,NA,24.976272137017624,22.309044629953192,10.085420306736555,16.60033650423866,2.6159968938070275,15.664703725274487,NA,80.36647626312094,15.7,516.3,45.1,29.3,25798,49811,393,34,3.8,7.4,12.4,TRUE,west,19.8
267,Heilbronn,BW,8,240951,182804,181055,43325,40961,23828,29386,5137,23476,NA,23.92919278672227,22.623512192427718,13.160641793930022,16.2304272182486,2.8372593963160364,12.966225732512221,NA,75.14183381683412,19,400.1,43.8,26,29132,55652,472.1,44.8,4.8,8.1,13.5,TRUE,west,21.6
268,Schwäbisch Hall – Hohenlohe,BW,8,225874,172687,171230,41947,37272,21787,27850,4980,22734,NA,24.497459557320564,21.76721368918998,12.723821760205572,16.26467324651054,2.908368860596858,13.276879051568066,NA,75.80775122413381,11.7,136.9,46.7,22.4,24003,45338,466.3,25.8,3.6,7.9,12.8,TRUE,west,20.700000000000003
269,Backnang – Schwäbisch Gmünd,BW,8,177062,136436,135424,34991,29341,15979,21397,3927,18579,NA,25.83810845935728,21.66602670132325,11.799237948960302,15.8000059073724,2.8997814272211717,13.719133979206049,NA,76.48394347742598,13.5,293.5,45.2,28.6,25038,40920,385.1,37.8,4.2,8.1,12,TRUE,west,20.1
270,Aalen – Heidenheim,BW,8,220686,168655,167245,45852,39468,17937,24562,4538,21226,NA,27.41606625011211,23.598911776136806,10.724984304463511,14.686238751532182,2.7133845555920955,12.691560285808245,NA,75.78414579991481,12.7,185.7,45.8,29.9,23924,41390,402.3,38,4.4,8,12.3,TRUE,west,20.3
271,Karlsruhe-Stadt,BW,8,205608,159591,158468,27998,33828,10774,20615,8910,44011,NA,17.667920337228967,21.346896534316077,6.798848978973673,13.008935557967538,5.622586263472751,27.772799555746268,NA,77.07287654176879,18.8,1799.4,40.7,42.3,22814,65518,575.3,51,5.2,11,17.5,TRUE,west,28.5
272,Karlsruhe-Land,BW,8,209147,167946,166633,42831,38474,15869,24660,4483,26969,NA,25.703792166017536,23.089063990926167,9.5233237113897,14.798989395857964,2.6903434493767744,16.184669303199247,NA,79.67267041841384,13.3,399.6,48.5,26.3,24295,37869,356.6,30.6,3.8,7.2,11.5,TRUE,west,18.7
273,Rastatt,BW,8,204890,155331,153800,41495,36442,16333,21250,4280,21926,NA,26.979843953185956,23.69440832249675,10.61963589076723,13.81664499349805,2.7828348504551363,14.256176853055916,NA,75.06466884669823,15.5,326.2,48.3,26.7,25333,46304,433.7,37.2,4.5,7.1,11.6,TRUE,west,18.7
274,Heidelberg,BW,8,218431,177868,176804,36783,40275,10821,23240,8624,45314,NA,20.80439356575643,22.7794620031221,6.120336643967331,13.144498993235448,4.8777176986946,25.629510644555552,NA,80.94272333139527,16.6,1062.7,42.9,43.8,24496,45623,445.2,41.9,5,10.3,15.6,TRUE,west,25.9
275,Mannheim,BW,8,196863,142132,140967,25682,35651,12846,18515,7066,29814,NA,18.21844828931594,25.290316173288787,9.112771074081168,13.134279654103443,5.01252066086389,21.149630764647046,NA,71.60665031011413,23.9,2142.9,40.5,37.7,22054,67775,609.5,95,7.7,10,16.7,TRUE,west,26.7
276,Odenwald – Tauber,BW,8,209418,162058,160494,48866,35578,19208,20943,4084,17748,NA,30.44724413373709,22.16780689620796,11.968048649793763,13.049085947138211,2.5446434134609395,11.058357321769039,NA,76.63811133713435,10,113.6,50.5,27.5,23078,35869,369.4,31,4,7.5,11.5,TRUE,west,19
277,Rhein-Neckar,BW,8,196882,154085,152682,38871,35847,15701,21941,4320,24072,NA,25.45879671474044,23.478209612135025,10.283464979499875,14.370390746780892,2.8294101465791646,15.766102094549456,NA,77.55000457126604,12.7,374,49.4,34,25278,34291,325.3,42.7,4.7,7.3,11.7,TRUE,west,19
278,Bruchsal – Schwetzingen,BW,8,195755,152231,150776,38866,34434,17462,21978,4125,20858,NA,25.77731203905131,22.837852178065475,11.581418793441928,14.576590438796625,2.7358465538281957,13.833766647211757,NA,77.02280912364947,13.8,537.2,47.7,29.3,24708,36368,343.5,35.7,4.2,7.2,12.4,TRUE,west,19.6
279,Pforzheim,BW,8,217126,163982,162617,39324,34262,22028,26504,4342,21213,NA,24.18197359439665,21.069137913010323,13.545939231445667,16.298418984485018,2.670077544168199,13.044761617789039,NA,74.89522212908633,18.7,484.7,44.5,28.6,24661,34706,374.7,52.3,5.2,8,12.5,TRUE,west,20.5
280,Calw,BW,8,199092,152863,151588,42841,28571,19473,26770,3656,17301,NA,28.261471884318016,18.847797978731826,12.846003641449192,17.659709211810963,2.4118004063646197,11.413172546639576,NA,76.13967412050711,14.1,166.4,46.3,22.8,24611,33886,348.2,30.5,4.1,7.7,11.8,TRUE,west,19.5
281,Freiburg,BW,8,224392,180976,179873,31296,38183,8854,19145,12429,56861,NA,17.398942587269907,21.22775513834761,4.922361888665892,10.643620776881466,6.909875300906751,31.611748289070622,NA,80.16016613783023,15.5,708.4,40,43.5,22899,45746,491.3,56.9,5.3,10.5,16.7,TRUE,west,27.2
282,Lörrach – Müllheim,BW,8,231076,174064,172569,38501,41834,14195,24669,5532,32817,NA,22.310496091418504,24.241897443920983,8.225695229154715,14.295151504615545,3.2056742520383152,19.016741129635104,NA,74.680624556423,14.8,280.7,45.8,31.5,26699,32707,336.4,39,4.7,7.2,11.9,TRUE,west,19.1
283,Emmendingen – Lahr,BW,8,218872,168004,166572,41323,39727,14971,22136,5209,28724,NA,24.80789088202099,23.849746656100663,8.987705016449343,13.289148236198162,3.1271762361021063,17.244194702591074,NA,76.10475529076355,11.6,247.6,45,25.2,23747,36655,370,33.5,3.8,7.5,11.9,TRUE,west,19.4
284,Offenburg,BW,8,205893,156776,155200,40210,33043,15320,22799,4423,23083,NA,25.908505154639176,21.290592783505154,9.871134020618557,14.69007731958763,2.8498711340206184,14.87306701030928,NA,75.37895897383594,12,254.4,46.7,28.7,23948,41282,426,36.6,4,7.6,12.2,TRUE,west,19.799999999999997
285,Rottweil – Tuttlingen,BW,8,198182,149664,147813,40818,27523,19747,26768,3320,16036,NA,27.61462117675712,18.620148430787552,13.359447409903053,18.109367917571525,2.246081197188339,10.84884279461211,NA,74.58447285828179,14.6,186.6,47,25.6,25665,47601,444.3,30.1,3.7,7.8,12.4,TRUE,west,20.2
286,Schwarzwald-Baar,BW,8,162800,122862,121522,32309,25814,13097,19696,3062,16181,NA,26.586955448396175,21.242244202695808,10.777472391830285,16.207764849163116,2.5197083655634374,13.31528447523905,NA,74.64496314496316,15.5,184.2,45.4,24.3,24906,40292,413,37.8,4.6,7.6,12.4,TRUE,west,20
287,Konstanz,BW,8,206009,157563,156400,36209,32657,13341,23509,5804,32913,NA,23.15153452685422,20.880434782608695,8.53005115089514,15.031329923273656,3.710997442455243,21.044117647058826,NA,75.91901324699406,15.4,350,44.8,30.5,25486,35093,360.6,41.4,4.7,9.7,12.9,TRUE,west,22.6
288,Waldshut,BW,8,177275,136195,135022,35595,30782,11265,18422,3895,23294,NA,26.36237057664677,22.797766289937936,8.343084830620196,13.64370250773948,2.884715083467879,17.252003377227414,NA,76.16527993230856,14.7,134.1,48,24.1,25384,30901,319.8,32,4.2,7.5,11.6,TRUE,west,19.1
289,Reutlingen,BW,8,199189,153820,152575,39504,31535,15652,25288,5081,24197,NA,25.891528756349334,20.668523676880223,10.258561363263969,16.574143863673605,3.330165492380796,15.85908569555956,NA,76.59810531706069,15.9,262.7,44.2,29.9,24763,40454,401.5,41.8,4.6,7.9,12.2,TRUE,west,20.1
290,Tübingen,BW,8,198791,160835,159781,34775,32576,12548,22678,8231,37424,NA,21.764164700433717,20.38790594626395,7.853249134753193,14.19317691089679,5.151426014357152,23.422058943178474,NA,80.37637518801152,13.7,353,43.9,37.5,23995,34329,370.5,32.8,3.6,10.5,14.7,TRUE,west,25.2
291,Ulm,BW,8,223376,177537,176165,46805,36418,16046,25389,5377,31238,NA,26.568841710896034,20.672664831266143,9.108506229954871,14.412056878494592,3.0522521499730364,17.73223966168081,NA,78.86478404125779,16.2,219.2,44.8,30.7,24607,49780,468.6,32,3.7,8.8,14.1,TRUE,west,22.9
292,Biberach,BW,8,169147,133345,132230,40472,23152,14308,19163,2967,18070,NA,30.60727520229902,17.508886031914088,10.820539968237162,14.492172729335248,2.2438175905618998,13.665582696816154,NA,78.1746055206418,10.9,131.9,48.1,22.5,24084,51858,431.4,22.3,2.9,7.8,12.6,TRUE,west,20.4
293,Bodensee,BW,8,174430,137838,136848,36571,26989,11916,21611,3905,23635,NA,26.723810358938383,19.7218812112709,8.707471062784988,15.791973576522858,2.8535309248217002,17.27098678826143,NA,78.45439431290488,13.6,277.9,46.7,28.2,26222,50142,426,27.7,3.6,7.5,11.9,TRUE,west,19.4
294,Ravensburg,BW,8,187817,147020,145978,38927,27750,12650,21740,4735,25536,NA,26.666346983792078,19.00971379248928,8.665689350450068,14.892655057611421,3.243639452520243,17.4930468974777,NA,77.72352875405315,11.6,198.1,44.2,25.9,24132,45098,424.1,29.9,3.4,8.5,12.9,TRUE,west,21.4
295,Zollernalb – Sigmaringen,BW,8,182648,138084,136540,39332,26716,16477,23200,3540,15503,NA,28.806210634246376,19.566427420536105,12.067525999707046,16.991357843855283,2.592646843415849,11.354181924710707,NA,74.75581446279182,12.3,150.2,48.5,23.6,24495,36869,369.7,27.6,4.1,7.9,12.1,TRUE,west,20
296,Saarbrücken,SL,10,192929,142697,140474,28797,53537,13006,16438,13484,NA,NA,20.499878981163775,38.11167902957131,9.258652846790154,11.701809587539332,9.598929339237154,NA,NA,72.81124144115194,16.4,833.3,47.9,36,19205,44904,460.7,131.8,10.3,8.3,13.9,TRUE,west,22.200000000000003
297,Saarlouis,SL,10,203279,159170,156279,38085,56920,15651,18872,10512,NA,NA,24.369876950837924,36.42204006936313,10.014781256598775,12.075838724332764,6.72643157429981,NA,NA,76.87906768529952,10.9,293.8,55.7,35.2,20022,30444,339.7,55,5.7,6.7,11.3,TRUE,west,18
298,St. Wendel,SL,10,173074,139808,137032,36248,51229,12904,14916,7887,NA,NA,26.45221554089556,37.38469846459221,9.416778562671494,10.885048747737756,5.755589935197618,NA,NA,79.17538162866751,6.5,265.1,56.5,30.9,20799,30272,329.8,69.6,6.3,6.4,10.9,TRUE,west,17.3
299,Homburg,SL,10,185941,142288,139883,32004,52091,16068,15719,9247,NA,NA,22.87912040776935,37.238978288998666,11.486742491939692,11.23724827176998,6.610524509768878,NA,NA,75.2297771873874,10.9,437.1,52.7,34.8,21301,37042,421.5,78.9,7,7,11.4,TRUE,west,18.4
